GeoFIPS,GeoName,Region,TableName,LineCode,IndustryClassification,Description,Unit,2001,2002,2003,2004,2005,2006,2007,2008,2009,2010,2011,2012,2013,2014,2015,2016,2017,2018,2019,2020,2021,2022,2023
 "33000","New Hampshire",1,CAGDP2,1,"...","All industry total ","Thousands of dollars",47037284,49109643,51609698,54545652,56914639,60152707,61984781,62095285,63052244,65310796,66557337,68411998,70897422,73455113,77385782,79759713,81179571,83859403,87868178,88527655,99092629,106488014,114100826
 "33000","New Hampshire",1,CAGDP2,2,"..."," Private industries ","Thousands of dollars",41685698,43506649,45608277,48284530,50307671,53186419,54623308,54411077,55365022,57253987,58591183,60469220,62755869,65042235,68940283,71212522,72452690,74943889,78709379,79220815,89540754,96559682,103671969
 "33000","New Hampshire",1,CAGDP2,3,"11","  Agriculture, forestry, fishing and hunting ","Thousands of dollars",151350,146835,171514,192271,161553,171023,164960,181819,149974,166930,192113,228189,249075,244215,254506,232642,249366,217244,227288,227731,231013,344026,295606
 "33000","New Hampshire",1,CAGDP2,6,"21","  Mining, quarrying, and oil and gas extraction ","Thousands of dollars",34837,48418,49377,52711,61748,85012,107022,94230,68856,71611,51539,67942,54574,64177,64265,94807,87515,158998,150395,131320,124203,164284,229347
 "33000","New Hampshire",1,CAGDP2,10,"22","  Utilities ","Thousands of dollars",828551,786863,866341,1002656,979429,1002845,982627,1059640,1307598,1352007,1311493,1258876,1279815,1303583,1316192,1282593,1329799,1339407,1304800,1420812,1453702,1681729,1506276
 "33000","New Hampshire",1,CAGDP2,11,"23","  Construction ","Thousands of dollars",2292365,2313843,2415712,2715774,2810987,2821541,2580005,2221169,2089943,2024777,2054961,2087959,2069814,2109953,2239962,2379160,2561013,2678641,2903925,2733963,3066970,3463847,3865015
 "33000","New Hampshire",1,CAGDP2,12,"31-33","  Manufacturing ","Thousands of dollars",6509631,6541626,6908914,6900435,6486927,7071482,7204726,6830490,6699869,7125214,7435963,7158623,7801162,7204957,8180948,8489677,8187444,8334716,8820692,8636646,9210130,9872975,10014370
 "33000","New Hampshire",1,CAGDP2,13,"321,327-339","   Durable goods manufacturing ","Thousands of dollars",4656977,4895293,5283695,5369740,4935655,5451958,5553084,5216662,4966637,5441225,5836892,5504202,6045329,5383213,6237749,6367191,6104874,6180671,6564583,6342355,6769036,7173059,7117308
 "33000","New Hampshire",1,CAGDP2,25,"311-316,322-326","   Nondurable goods manufacturing ","Thousands of dollars",1852653,1646332,1625219,1530694,1551271,1619524,1651641,1613828,1733232,1683988,1599071,1654422,1755833,1821743,1943199,2122486,2082570,2154045,2256109,2294292,2441094,2699916,2897062
 "33000","New Hampshire",1,CAGDP2,34,"42","  Wholesale trade ","Thousands of dollars",2964927,2960363,3042781,3245022,3433418,3620165,3772724,3899614,3712738,3925288,4064923,4303915,4581532,4802100,5218715,5222834,5384400,5592265,5868822,6155362,7033792,8048072,8513675
 "33000","New Hampshire",1,CAGDP2,35,"44-45","  Retail trade ","Thousands of dollars",5158145,5320224,5457324,5284032,5490669,5747538,5468284,5644474,5706944,6031180,5778145,5644577,5658428,5458943,5434545,5700855,5921788,6122564,6426191,6839063,7747431,8178044,8986436
 "33000","New Hampshire",1,CAGDP2,36,"48-49","  Transportation and warehousing ","Thousands of dollars",750543,777569,813426,890150,980437,1018077,951953,921738,899567,936734,994857,1000164,1047648,1077878,1227661,1258378,1210525,1291093,1241909,1324420,1685190,1858997,1892198
 "33000","New Hampshire",1,CAGDP2,45,"51","  Information ","Thousands of dollars",1554531,1756764,1738417,2089063,2309687,2344754,2398332,2600033,2563594,2573149,2483304,2580021,2832275,3074955,3000134,3157259,3052261,3145346,3605903,3579215,3776935,3941945,4410418
 "33000","New Hampshire",1,CAGDP2,50,"52,53","  Finance, insurance, real estate, rental, and leasing ","Thousands of dollars",9366876,10184024,10759710,11370691,12210606,12864237,13934202,13220807,14088766,14288487,14884239,16049982,16387210,17733875,18686729,19096782,18494104,18709075,19397779,20542868,21000130,23299326,24805415
 "33000","New Hampshire",1,CAGDP2,51,"52","   Finance and insurance ","Thousands of dollars",2692491,2793522,2967927,3231311,3432562,3928844,4005584,3220077,3853678,4023167,4238990,5097945,5058378,6434785,6743777,7214528,6616149,7169138,7595538,7267622,7070332,7158791,7324695
 "33000","New Hampshire",1,CAGDP2,56,"53","   Real estate and rental and leasing ","Thousands of dollars",6674385,7390501,7791783,8139380,8778043,8935393,9928618,10000729,10235087,10265321,10645249,10952037,11328832,11299090,11942952,11882254,11877956,11539937,11802241,13275246,13929798,16140535,17480720
 "33000","New Hampshire",1,CAGDP2,59,"54,55,56","  Professional and business services ","Thousands of dollars",4757711,4724440,4983974,5563251,5944714,6519710,6787441,7042331,6786942,7170392,7423591,7868323,7969314,8780356,9326410,9562510,10563462,10935606,11381939,11634543,16259279,15666068,17269454
 "33000","New Hampshire",1,CAGDP2,60,"54","   Professional, scientific, and technical services ","Thousands of dollars",2850112,2878807,3023792,3243056,3564723,3747963,3835420,4276363,4026746,4225271,4435982,4627765,4766473,5173545,5405529,5612393,6340065,6646312,6970769,7281482,8523190,9613652,10596023
 "33000","New Hampshire",1,CAGDP2,64,"55","   Management of companies and enterprises ","Thousands of dollars",716628,644622,681055,925737,963385,1210658,1124402,896700,896404,956100,960392,1104049,1042694,1183569,1244964,1245532,1320140,1271637,1333719,1334677,4254381,1873402,1915527
 "33000","New Hampshire",1,CAGDP2,65,"56","   Administrative and support and waste management and remediation services ","Thousands of dollars",1190970,1201012,1279127,1394458,1416606,1561089,1827618,1869268,1863793,1989021,2027216,2136509,2160147,2423243,2675917,2704585,2903256,3017656,3077450,3018383,3481708,4179014,4757905
 "33000","New Hampshire",1,CAGDP2,68,"61,62","  Educational services, health care, and social assistance ","Thousands of dollars",4140591,4503911,4878497,5234301,5518449,5885234,6255872,6846495,7385627,7499115,7699869,7773023,8000562,8199885,8649135,9082102,9411789,9840286,10380383,10348365,10923523,11644052,12507391
 "33000","New Hampshire",1,CAGDP2,69,"61","   Educational services ","Thousands of dollars",808119,879403,994147,1094584,1114635,1180093,1247815,1355357,1490377,1506146,1517351,1555474,1620973,1679347,1787689,1863924,1873369,1989163,2119440,2070652,2156015,2324664,2470018
 "33000","New Hampshire",1,CAGDP2,70,"62","   Health care and social assistance ","Thousands of dollars",3332472,3624508,3884350,4139717,4403814,4705141,5008056,5491138,5895250,5992970,6182518,6217549,6379589,6520537,6861446,7218178,7538420,7851122,8260944,8277713,8767508,9319388,10037372
 "33000","New Hampshire",1,CAGDP2,75,"71,72","  Arts, entertainment, recreation, accommodation, and food services ","Thousands of dollars",1933248,2083232,2189850,2363375,2489850,2549191,2543737,2398099,2465134,2623577,2758700,2954672,3286456,3350849,3635493,3882463,4160333,4600420,4903892,3717597,4829038,5841446,6581648
 "33000","New Hampshire",1,CAGDP2,76,"71","   Arts, entertainment, and recreation ","Thousands of dollars",477740,516620,572412,659355,741428,820626,741187,651850,644768,780314,830588,896070,962472,994945,993145,1054257,1106435,1247180,1500933,966404,1210218,1331833,1547729
 "33000","New Hampshire",1,CAGDP2,79,"72","   Accommodation and food services ","Thousands of dollars",1455508,1566613,1617437,1704020,1748422,1728565,1802550,1746249,1820367,1843263,1928112,2058601,2323985,2355904,2642348,2828206,3053898,3353240,3402959,2751193,3618820,4509613,5033919
 "33000","New Hampshire",1,CAGDP2,82,"81","  Other services (except government and government enterprises) ","Thousands of dollars",1242392,1358537,1332438,1380799,1429199,1485610,1471425,1450139,1439469,1465525,1457487,1492954,1538003,1636511,1705588,1770460,1838891,1978230,2095463,1928910,2199419,2554869,2794720
 "33000","New Hampshire",1,CAGDP2,83,"92","Government and government enterprises ","Thousands of dollars",5351586,5602994,6001420,6261122,6606968,6966288,7361473,7684207,7687222,8056809,7966155,7942778,8141553,8412878,8445499,8547191,8726880,8915513,9158799,9306840,9551875,9928333,10428857
 "33000","New Hampshire",1,CAGDP2,87,"11,21","Natural resources and mining ","Thousands of dollars",186187,195254,220892,244982,223301,256035,271982,276049,218831,238542,243652,296132,303649,308392,318771,327449,336880,376242,377682,359051,355216,508310,524953
 "33000","New Hampshire",1,CAGDP2,88,"42,44-45","Trade ","Thousands of dollars",8123072,8280587,8500106,8529054,8924087,9367703,9241008,9544088,9419682,9956468,9843067,9948492,10239961,10261043,10653260,10923689,11306188,11714829,12295013,12994425,14781223,16226116,17500111
 "33000","New Hampshire",1,CAGDP2,89,"22,48-49","Transportation and utilities ","Thousands of dollars",1579094,1564431,1679767,1892806,1959865,2020922,1934579,1981378,2207165,2288741,2306350,2259039,2327463,2381461,2543853,2540971,2540325,2630501,2546709,2745232,3138891,3540726,3398474
 "33000","New Hampshire",1,CAGDP2,90,"31-33,51","Manufacturing and information ","Thousands of dollars",8064162,8298390,8647331,8989498,8796613,9416236,9603058,9430522,9263463,9698362,9919267,9738644,10633437,10279911,11181082,11646936,11239704,11480062,12426594,12215862,12987065,13814920,14424788
 "33000","New Hampshire",1,CAGDP2,91,"...","Private goods-producing industries 2/","Thousands of dollars",8988182,9050722,9545518,9861191,9521214,10149058,10056713,9327707,9008642,9388532,9734576,9542714,10174625,9623301,10739681,11196286,11085338,11389598,12102299,11729660,12632316,13845132,14404338
 "33000","New Hampshire",1,CAGDP2,92,"...","Private services-providing industries 3/","Thousands of dollars",32697516,34455927,36062760,38423339,40786456,43037361,44566595,45083370,46356380,47865455,48856607,50926506,52581244,55418934,58200602,60016235,61367353,63554291,66607080,67491155,76908438,82714549,89267631
 "33001","Belknap, NH",1,CAGDP2,1,"...","All industry total ","Thousands of dollars",1987055,2080117,2131577,2185716,2251959,2240307,2342943,2248621,2263415,2290426,2391986,2451847,2592911,2538280,2692211,2846861,2883380,3019101,3028004,3103821,3374559,3591018,3871336
 "33001","Belknap, NH",1,CAGDP2,2,"..."," Private industries ","Thousands of dollars",1773078,1846253,1876356,1923010,1967505,1936086,2021150,1911232,1924423,1946517,2060579,2124999,2256898,2192669,2349866,2497130,2527129,2656368,2653178,2724172,2987561,3187669,3453434
 "33001","Belknap, NH",1,CAGDP2,3,"11","  Agriculture, forestry, fishing and hunting ","Thousands of dollars",(D),(D),(D),(D),(D),2696,(D),(D),2072,3789,6948,(D),(D),5225,(D),(D),(D),(D),3643,3826,5362,2831,6528
 "33001","Belknap, NH",1,CAGDP2,6,"21","  Mining, quarrying, and oil and gas extraction ","Thousands of dollars",2422,2987,2993,2518,7758,9890,12505,9866,9757,8895,5198,8148,5174,6613,7212,11439,(D),23205,23639,19718,(D),(D),39526
 "33001","Belknap, NH",1,CAGDP2,10,"22","  Utilities ","Thousands of dollars",(D),9444,(D),(D),(D),13187,13259,15219,15334,15602,16460,14670,16372,16788,(D),(D),(D),(D),21554,25104,(D),(D),24955
 "33001","Belknap, NH",1,CAGDP2,11,"23","  Construction ","Thousands of dollars",(D),(D),(D),(D),(D),193618,(D),(D),148202,122450,145643,(D),(D),135572,143035,147825,162728,171947,174281,145892,170780,190667,213689
 "33001","Belknap, NH",1,CAGDP2,12,"31-33","  Manufacturing ","Thousands of dollars",269489,232610,232265,241907,231641,227995,218572,203350,191781,188161,204171,220877,228850,197229,205613,217457,218210,231614,233553,215071,216107,242805,255862
 "33001","Belknap, NH",1,CAGDP2,13,"321,327-339","   Durable goods manufacturing ","Thousands of dollars",(D),211370,(D),(D),217328,215294,204185,193802,180808,177835,194095,210390,215995,184268,(D),201668,(D),(D),(D),(D),(D),221657,233633
 "33001","Belknap, NH",1,CAGDP2,25,"311-316,322-326","   Nondurable goods manufacturing ","Thousands of dollars",(D),21240,(D),(D),14313,12701,14387,9548,10974,10326,10076,10487,12855,12961,(D),15790,(D),(D),(D),(D),(D),21147,22229
 "33001","Belknap, NH",1,CAGDP2,34,"42","  Wholesale trade ","Thousands of dollars",48310,47821,50210,64858,75095,84945,89951,93075,93445,96522,98819,96340,105360,113460,122075,137065,140716,148346,153344,154670,183290,188002,197346
 "33001","Belknap, NH",1,CAGDP2,35,"44-45","  Retail trade ","Thousands of dollars",220861,240828,263310,240393,234089,220328,225924,238326,215023,201145,200949,201658,228909,235754,257615,282155,308319,320647,334449,343842,375360,400025,435248
 "33001","Belknap, NH",1,CAGDP2,36,"48-49","  Transportation and warehousing ","Thousands of dollars",31781,30875,30642,33786,32443,32208,31049,32462,30712,30782,30085,29147,32109,34382,38979,39548,43173,44979,45490,46609,60729,64489,55085
 "33001","Belknap, NH",1,CAGDP2,45,"51","  Information ","Thousands of dollars",22644,(D),30487,35338,40990,45907,40932,41492,47336,44528,42837,41238,45239,38320,44445,46742,42096,45695,61568,57355,60975,62449,64275
 "33001","Belknap, NH",1,CAGDP2,50,"52,53","  Finance, insurance, real estate, rental, and leasing ","Thousands of dollars",519696,558273,548335,525870,557556,506907,581804,483344,515615,551248,602197,599804,680743,604768,652083,720265,675989,705337,648037,823201,715786,824090,887083
 "33001","Belknap, NH",1,CAGDP2,51,"52","   Finance and insurance ","Thousands of dollars",169106,184056,163603,126372,135085,61245,60691,51659,58523,59710,63230,61632,59410,66440,67656,78330,84642,89560,98398,91940,93008,108234,120742
 "33001","Belknap, NH",1,CAGDP2,56,"53","   Real estate and rental and leasing ","Thousands of dollars",350590,374217,384732,399498,422471,445661,521113,431684,457092,491538,538966,538172,621333,538327,584427,641935,591348,615777,549639,731261,622778,715856,766342
 "33001","Belknap, NH",1,CAGDP2,59,"54,55,56","  Professional and business services ","Thousands of dollars",(D),(D),(D),(D),(D),187803,198575,203286,200840,216862,221590,227994,229966,242368,267383,262858,272965,280989,262994,302079,459659,379876,413296
 "33001","Belknap, NH",1,CAGDP2,60,"54","   Professional, scientific, and technical services ","Thousands of dollars",105084,107810,101090,95111,99764,102851,105635,110655,101729,115680,120911,129298,122270,127384,136348,128915,132195,137059,132330,161342,166383,182384,195483
 "33001","Belknap, NH",1,CAGDP2,64,"55","   Management of companies and enterprises ","Thousands of dollars",(D),(D),(D),(D),(D),30622,30212,28996,33604,32577,33019,32196,40167,49302,56859,62719,68412,74199,62348,65568,205861,81528,87477
 "33001","Belknap, NH",1,CAGDP2,65,"56","   Administrative and support and waste management and remediation services ","Thousands of dollars",33164,35630,35928,43717,50608,54329,62727,63634,65506,68605,67661,66500,67529,65681,74176,71224,72358,69730,68316,75169,87414,115964,130337
 "33001","Belknap, NH",1,CAGDP2,68,"61,62","  Educational services, health care, and social assistance ","Thousands of dollars",155895,168470,178880,192124,196787,206423,213572,231817,243446,250183,253540,265931,272677,280484,(D),294405,300088,(D),317700,300456,(D),(D),353835
 "33001","Belknap, NH",1,CAGDP2,69,"61","   Educational services ","Thousands of dollars",17218,18393,20720,22961,21457,21759,21856,23140,24171,24009,24369,25452,24488,23738,(D),26032,27004,(D),33166,31245,(D),(D),29275
 "33001","Belknap, NH",1,CAGDP2,70,"62","   Health care and social assistance ","Thousands of dollars",138677,150077,158160,169163,175330,184663,191716,208677,219275,226173,229171,240479,248189,256746,264917,268373,273084,273427,284534,269211,282769,296702,324560
 "33001","Belknap, NH",1,CAGDP2,75,"71,72","  Arts, entertainment, recreation, accommodation, and food services ","Thousands of dollars",130320,138360,146517,160799,151339,133072,134359,138354,142699,144649,159892,179718,202807,204444,222152,228703,237507,260273,276220,200213,275937,331214,374669
 "33001","Belknap, NH",1,CAGDP2,76,"71","   Arts, entertainment, and recreation ","Thousands of dollars",38485,41077,47083,49453,35374,27416,25491,31245,30070,33911,38922,44860,48419,45970,43243,43958,42757,49170,61169,36008,47801,56065,69249
 "33001","Belknap, NH",1,CAGDP2,79,"72","   Accommodation and food services ","Thousands of dollars",91836,97284,99434,111346,115965,105656,108869,107109,112629,110737,120970,134858,154388,158474,178909,184746,194751,211104,215051,164204,228136,275149,305420
 "33001","Belknap, NH",1,CAGDP2,82,"81","  Other services (except government and government enterprises) ","Thousands of dollars",63066,69468,70582,67677,69260,71107,70041,67085,68160,71704,72249,72665,72126,77261,77727,82532,88347,93989,96706,86135,104009,121120,132037
 "33001","Belknap, NH",1,CAGDP2,83,"92","Government and government enterprises ","Thousands of dollars",213977,233864,255221,262707,284454,304221,321793,337388,338992,343908,331407,326848,336013,345611,342345,349730,356251,362733,374826,379649,386998,403350,417902
 "33001","Belknap, NH",1,CAGDP2,87,"11,21","Natural resources and mining ","Thousands of dollars",(D),(D),(D),(D),(D),12585,(D),(D),11829,12684,12146,(D),(D),11839,(D),(D),(D),(D),27281,23545,(D),(D),46054
 "33001","Belknap, NH",1,CAGDP2,88,"42,44-45","Trade ","Thousands of dollars",269170,288649,313520,305251,309184,305273,315875,331402,308468,297666,299768,297998,334269,349214,379691,419220,449035,468994,487793,498513,558650,588027,632594
 "33001","Belknap, NH",1,CAGDP2,89,"22,48-49","Transportation and utilities ","Thousands of dollars",(D),40319,(D),(D),(D),45395,44308,47682,46046,46384,46546,43817,48481,51171,(D),(D),(D),(D),67045,71713,(D),(D),80039
 "33001","Belknap, NH",1,CAGDP2,90,"31-33,51","Manufacturing and information ","Thousands of dollars",292133,(D),262752,277244,272631,273903,259503,244842,239118,232689,247008,262116,274089,235549,250059,264199,260306,277309,295121,272427,277081,305254,320137
 "33001","Belknap, NH",1,CAGDP2,91,"...","Private goods-producing industries 2/","Thousands of dollars",425135,399305,399586,426826,422163,434199,421685,366771,351812,323294,361961,395834,370590,344640,(D),(D),(D),(D),435115,384508,(D),(D),515604
 "33001","Belknap, NH",1,CAGDP2,92,"...","Private services-providing industries 3/","Thousands of dollars",1347942,1446948,1476770,1496183,1545342,1501887,1599465,1544461,1572610,1623223,1698619,1729166,1886308,1848029,(D),(D),(D),(D),2218062,2339665,(D),(D),2937830
 "33003","Carroll, NH",1,CAGDP2,1,"...","All industry total ","Thousands of dollars",1507513,1619552,1658924,1713520,1769214,1790093,1862306,1779868,1830225,1893272,1996012,2066109,2144296,2067291,2165935,2276615,2298916,2376426,2383478,2461832,2589957,2856655,3057923
 "33003","Carroll, NH",1,CAGDP2,2,"..."," Private industries ","Thousands of dollars",1358609,1465905,1495484,1540439,1583741,1594287,1653355,1560251,1607904,1658364,1762172,1833729,1904656,1821199,1925720,2033402,2047742,2119143,2120206,2190492,2313441,2566344,2759816
 "33003","Carroll, NH",1,CAGDP2,3,"11","  Agriculture, forestry, fishing and hunting ","Thousands of dollars",(D),(D),(D),(D),(D),13812,(D),(D),(D),(D),(D),(D),(D),(D),(D),(D),(D),(D),(D),(D),10995,17801,14144
 "33003","Carroll, NH",1,CAGDP2,6,"21","  Mining, quarrying, and oil and gas extraction ","Thousands of dollars",2220,2727,2953,2626,3026,4558,5008,3784,2529,2218,1559,2266,2000,2782,2415,3177,2915,5057,5125,4100,(D),(D),10301
 "33003","Carroll, NH",1,CAGDP2,10,"22","  Utilities ","Thousands of dollars",11525,10940,(D),(D),11525,13006,(D),(D),15365,(D),15837,15595,16244,16961,16418,(D),17414,15122,(D),(D),14098,(D),8225
 "33003","Carroll, NH",1,CAGDP2,11,"23","  Construction ","Thousands of dollars",(D),(D),(D),(D),(D),145431,(D),(D),145167,131747,143757,(D),108982,95617,88132,85311,106583,112034,116177,106457,109322,102935,113667
 "33003","Carroll, NH",1,CAGDP2,12,"31-33","  Manufacturing ","Thousands of dollars",62499,68004,69512,67484,62295,65237,70001,68569,(D),(D),(D),75275,82225,71171,(D),84969,87411,(D),(D),(D),(D),100187,102554
 "33003","Carroll, NH",1,CAGDP2,13,"321,327-339","   Durable goods manufacturing ","Thousands of dollars",45652,49130,48308,(D),43729,(D),45860,44459,(D),(D),(D),48544,56783,46004,46946,52209,55153,49665,53201,51888,53630,62466,60402
 "33003","Carroll, NH",1,CAGDP2,25,"311-316,322-326","   Nondurable goods manufacturing ","Thousands of dollars",16846,18874,21204,(D),18567,(D),24141,24111,25208,24743,27834,26731,25442,25167,(D),32760,32257,(D),(D),(D),(D),37721,42152
 "33003","Carroll, NH",1,CAGDP2,34,"42","  Wholesale trade ","Thousands of dollars",30632,34872,36438,(D),(D),43048,(D),(D),42979,44492,41713,38769,43526,47583,56585,63288,74805,77196,84747,88392,87630,103860,102612
 "33003","Carroll, NH",1,CAGDP2,35,"44-45","  Retail trade ","Thousands of dollars",178464,180965,196692,187700,192490,189332,176638,176240,166326,(D),157337,154733,168837,173719,181181,190676,194301,201507,205785,202752,222958,234010,254763
 "33003","Carroll, NH",1,CAGDP2,36,"48-49","  Transportation and warehousing ","Thousands of dollars",15724,15401,14224,16050,15465,14012,13162,10751,9443,8775,9778,9446,(D),(D),(D),(D),(D),14880,15627,15792,20285,22295,23237
 "33003","Carroll, NH",1,CAGDP2,45,"51","  Information ","Thousands of dollars",36568,43516,42367,43431,40272,36846,35152,36399,36804,38383,38693,37564,41467,41739,40509,46913,49325,55465,65898,58442,56588,53253,56589
 "33003","Carroll, NH",1,CAGDP2,50,"52,53","  Finance, insurance, real estate, rental, and leasing ","Thousands of dollars",393699,440343,461241,487597,508525,533507,607497,493460,531748,582640,643112,656155,728892,651057,703753,757690,694198,714422,658534,822442,722008,(D),858720
 "33003","Carroll, NH",1,CAGDP2,51,"52","   Finance and insurance ","Thousands of dollars",35160,38077,41544,45980,46375,56172,55654,41429,48676,65933,74931,102774,96689,91040,94780,89253,73635,83089,88428,86273,94539,107780,111313
 "33003","Carroll, NH",1,CAGDP2,56,"53","   Real estate and rental and leasing ","Thousands of dollars",358538,402266,419697,441617,462151,477335,551843,452031,483072,516707,568182,553381,632203,560016,608973,668438,620563,631333,570107,736169,627470,(D),747407
 "33003","Carroll, NH",1,CAGDP2,59,"54,55,56","  Professional and business services ","Thousands of dollars",110835,120415,111767,111719,(D),117830,124577,146938,139296,147282,149445,154406,155251,159150,174409,183799,185562,180512,198746,228520,302414,325510,363255
 "33003","Carroll, NH",1,CAGDP2,60,"54","   Professional, scientific, and technical services ","Thousands of dollars",69582,75276,68109,61145,(D),66449,66524,82608,75016,81202,76420,(D),79329,86416,100619,104621,104640,94796,108204,139723,187789,205121,218830
 "33003","Carroll, NH",1,CAGDP2,64,"55","   Management of companies and enterprises ","Thousands of dollars",8047,7579,7569,9637,15524,14836,15796,15948,13387,12881,18120,(D),14377,10305,10142,10415,7988,7573,6322,6208,20368,7224,8136
 "33003","Carroll, NH",1,CAGDP2,65,"56","   Administrative and support and waste management and remediation services ","Thousands of dollars",33206,37560,36090,40937,34673,36546,42256,48382,50893,53199,54905,58272,61546,62429,63649,68763,72933,78142,84221,82589,94257,113165,136288
 "33003","Carroll, NH",1,CAGDP2,68,"61,62","  Educational services, health care, and social assistance ","Thousands of dollars",107429,115565,123405,132678,138359,150593,155472,168858,180320,185503,191676,186321,187165,185697,185208,187877,194319,200556,(D),(D),226592,240051,257195
 "33003","Carroll, NH",1,CAGDP2,69,"61","   Educational services ","Thousands of dollars",15939,16673,17814,19484,19227,19776,19356,21313,22300,23891,24900,25905,25372,24666,25428,27127,27265,29714,(D),(D),31707,33708,34714
 "33003","Carroll, NH",1,CAGDP2,70,"62","   Health care and social assistance ","Thousands of dollars",91490,98892,105592,113194,119132,130817,136116,147545,158019,161613,166776,160416,161793,161031,159779,160751,167054,170842,179666,179967,194885,206343,222482
 "33003","Carroll, NH",1,CAGDP2,75,"71,72","  Arts, entertainment, recreation, accommodation, and food services ","Thousands of dollars",234928,254592,252416,243283,254888,220251,217946,211345,212703,214923,239047,262588,299858,292369,320802,332816,353415,379731,371698,271757,371546,456989,501556
 "33003","Carroll, NH",1,CAGDP2,76,"71","   Arts, entertainment, and recreation ","Thousands of dollars",79250,86691,79009,56825,47787,39941,33334,32798,35272,37829,42967,43253,48880,48010,49693,54738,52558,57068,66167,43577,58583,61233,75111
 "33003","Carroll, NH",1,CAGDP2,79,"72","   Accommodation and food services ","Thousands of dollars",155678,167901,173407,186457,207101,180310,184612,178547,177431,177095,196081,219335,250978,244359,271109,278078,300857,322663,305530,228180,312963,395756,426444
 "33003","Carroll, NH",1,CAGDP2,82,"81","  Other services (except government and government enterprises) ","Thousands of dollars",35189,39130,38746,41444,43551,46824,44094,42022,42693,47524,46961,48307,49407,54317,56199,58814,60191,67048,68538,63321,73561,83187,92999
 "33003","Carroll, NH",1,CAGDP2,83,"92","Government and government enterprises ","Thousands of dollars",148904,153647,163440,173081,185472,195806,208951,219617,222321,234908,233840,232379,239640,246092,240214,243213,251174,257283,263272,271340,276516,290310,298106
 "33003","Carroll, NH",1,CAGDP2,87,"11,21","Natural resources and mining ","Thousands of dollars",(D),(D),(D),(D),(D),18370,(D),(D),(D),(D),(D),(D),(D),(D),(D),(D),(D),(D),(D),(D),(D),(D),24445
 "33003","Carroll, NH",1,CAGDP2,88,"42,44-45","Trade ","Thousands of dollars",209095,215837,233130,(D),(D),232380,(D),(D),209305,(D),199050,193501,212363,221301,237766,253965,269107,278703,290533,291144,310588,337870,357375
 "33003","Carroll, NH",1,CAGDP2,89,"22,48-49","Transportation and utilities ","Thousands of dollars",27249,26341,(D),(D),26989,27018,(D),(D),24809,(D),25616,25040,(D),(D),(D),(D),(D),30002,(D),(D),34383,(D),31462
 "33003","Carroll, NH",1,CAGDP2,90,"31-33,51","Manufacturing and information ","Thousands of dollars",99067,111520,111879,110915,102567,102083,105153,104968,(D),(D),(D),112839,123692,112910,(D),131882,136736,(D),(D),(D),(D),153441,159143
 "33003","Carroll, NH",1,CAGDP2,91,"...","Private goods-producing industries 2/","Thousands of dollars",203616,210166,(D),227725,225812,229038,222450,217439,230227,214318,228571,269846,(D),(D),(D),(D),(D),212703,223138,215106,215759,(D),240666
 "33003","Carroll, NH",1,CAGDP2,92,"...","Private services-providing industries 3/","Thousands of dollars",1154993,1255739,(D),1312715,1357930,1365249,1430905,1342812,1377677,1444046,1533601,1563883,(D),(D),(D),(D),(D),1906440,1897068,1975386,2097681,(D),2519151
 "33005","Cheshire, NH",1,CAGDP2,1,"...","All industry total ","Thousands of dollars",2202187,2274935,2353488,2537235,2660483,2844054,2921556,2926502,2963409,2999739,3047955,3185028,3260120,3431168,3677249,3700534,3790789,3886935,4078224,4130912,4520086,4674913,4968503
 "33005","Cheshire, NH",1,CAGDP2,2,"..."," Private industries ","Thousands of dollars",1929482,1989259,2043887,2210435,2322427,2492609,2551978,2543039,2576148,2585913,2643612,2777561,2832393,2996640,3241633,3269002,3357639,3452287,3638199,3680382,4064423,4213013,4498395
 "33005","Cheshire, NH",1,CAGDP2,3,"11","  Agriculture, forestry, fishing and hunting ","Thousands of dollars",(D),18070,8598,(D),(D),(D),(D),(D),(D),(D),(D),(D),(D),34215,(D),13836,(D),(D),(D),(D),11034,13015,12475
 "33005","Cheshire, NH",1,CAGDP2,6,"21","  Mining, quarrying, and oil and gas extraction ","Thousands of dollars",208,258,272,254,286,452,557,593,431,472,360,422,374,432,(D),779,(D),1211,1050,723,(D),(D),3395
 "33005","Cheshire, NH",1,CAGDP2,10,"22","  Utilities ","Thousands of dollars",4498,4678,(D),5050,(D),5337,6465,7794,6909,7348,7676,6961,(D),8947,(D),9564,(D),8673,7901,9728,8749,10234,12439
 "33005","Cheshire, NH",1,CAGDP2,11,"23","  Construction ","Thousands of dollars",122842,108967,135056,188615,192806,213195,173626,162882,133566,120047,153190,168894,177334,183492,176026,177426,161860,157316,175649,195408,214224,242979,274035
 "33005","Cheshire, NH",1,CAGDP2,12,"31-33","  Manufacturing ","Thousands of dollars",365089,380515,371315,395824,412319,457258,392687,403268,(D),(D),(D),384591,435515,398732,433820,458857,481751,472468,490944,480405,523698,560649,594079
 "33005","Cheshire, NH",1,CAGDP2,13,"321,327-339","   Durable goods manufacturing ","Thousands of dollars",282725,308253,(D),317516,334763,380801,(D),(D),(D),(D),(D),318111,369095,330038,354597,370048,404332,387267,400903,394515,440544,464830,492754
 "33005","Cheshire, NH",1,CAGDP2,25,"311-316,322-326","   Nondurable goods manufacturing ","Thousands of dollars",82364,72262,(D),78309,77556,76458,(D),(D),(D),73671,64807,66481,66420,68694,79223,88809,77419,85201,90041,85890,83154,95819,101326
 "33005","Cheshire, NH",1,CAGDP2,34,"42","  Wholesale trade ","Thousands of dollars",128832,137125,140852,127869,125440,125541,127759,131797,130390,123578,117463,139498,160408,175180,192240,199168,213069,232120,246171,269984,236141,260018,(D)
 "33005","Cheshire, NH",1,CAGDP2,35,"44-45","  Retail trade ","Thousands of dollars",184266,174231,200158,210687,219001,235930,253539,282083,271252,267648,257302,243544,266112,277014,303779,319079,327209,322455,332646,366962,423639,447872,493130
 "33005","Cheshire, NH",1,CAGDP2,36,"48-49","  Transportation and warehousing ","Thousands of dollars",(D),(D),(D),(D),(D),(D),(D),(D),(D),(D),(D),(D),34423,34216,36450,37093,38104,(D),(D),(D),(D),(D),(D)
 "33005","Cheshire, NH",1,CAGDP2,45,"51","  Information ","Thousands of dollars",72171,61745,61078,54761,61508,64528,65587,65514,66716,59371,56280,57945,73044,71819,79212,80453,78808,85115,90516,94276,96253,102070,118944
 "33005","Cheshire, NH",1,CAGDP2,50,"52,53","  Finance, insurance, real estate, rental, and leasing ","Thousands of dollars",520536,546608,565968,604243,632979,670369,775926,670566,744078,762154,759311,859922,779001,934791,1052553,1057751,1066945,1120160,1218038,1213242,1127201,(D),1340516
 "33005","Cheshire, NH",1,CAGDP2,51,"52","   Finance and insurance ","Thousands of dollars",181407,179401,179375,206924,209332,279052,252786,189809,204888,209534,222714,268258,268031,399832,465986,539858,542460,601304,668127,629515,528002,568070,563672
 "33005","Cheshire, NH",1,CAGDP2,56,"53","   Real estate and rental and leasing ","Thousands of dollars",339129,367208,386592,397320,423647,391316,523140,480757,539190,552619,536598,591664,510970,534959,586567,517892,524486,518857,549911,583727,599198,(D),776843
 "33005","Cheshire, NH",1,CAGDP2,59,"54,55,56","  Professional and business services ","Thousands of dollars",162719,177248,160085,193118,228234,256398,269375,294518,292631,306893,325728,350372,346832,359763,379852,349102,383596,402434,403403,407299,702121,511319,534107
 "33005","Cheshire, NH",1,CAGDP2,60,"54","   Professional, scientific, and technical services ","Thousands of dollars",70369,77086,80712,85991,92737,94976,91926,99475,91509,101974,104554,112249,110916,117965,125337,121482,127111,130925,138135,145438,175616,209586,228510
 "33005","Cheshire, NH",1,CAGDP2,64,"55","   Management of companies and enterprises ","Thousands of dollars",23990,25597,23684,49290,75733,102840,113761,125055,123104,121735,131780,149435,143748,150020,158063,137946,168963,184609,176668,181602,435343,184367,180075
 "33005","Cheshire, NH",1,CAGDP2,65,"56","   Administrative and support and waste management and remediation services ","Thousands of dollars",68360,74565,55690,57838,59764,58582,63688,69988,78018,83185,89395,88688,92167,91777,96452,89674,87522,86900,88600,80259,91162,117365,125523
 "33005","Cheshire, NH",1,CAGDP2,68,"61,62","  Educational services, health care, and social assistance ","Thousands of dollars",185694,195610,208384,224056,235342,253148,266916,295790,314687,316797,313236,308292,312411,314241,329771,340968,349267,357677,371477,382097,402150,428434,457521
 "33005","Cheshire, NH",1,CAGDP2,69,"61","   Educational services ","Thousands of dollars",36963,38977,43542,47566,47331,48930,51276,54591,60444,62407,62557,61069,60789,60824,62524,65308,64794,69734,74069,69412,74183,80919,83934
 "33005","Cheshire, NH",1,CAGDP2,70,"62","   Health care and social assistance ","Thousands of dollars",148731,156633,164842,176490,188010,204218,215640,241198,254243,254390,250679,247223,251623,253416,267247,275661,284473,287943,297408,312685,327966,347515,373587
 "33005","Cheshire, NH",1,CAGDP2,75,"71,72","  Arts, entertainment, recreation, accommodation, and food services ","Thousands of dollars",73401,(D),(D),89271,89600,88655,93966,104939,100895,101360,101868,109048,121745,120525,127099,133139,139408,145841,148928,116758,147451,169221,194706
 "33005","Cheshire, NH",1,CAGDP2,76,"71","   Arts, entertainment, and recreation ","Thousands of dollars",19645,(D),(D),25014,21904,19305,22705,33198,28665,31348,28659,29023,32247,30183,33826,34247,34601,37665,40471,26025,34123,37568,43558
 "33005","Cheshire, NH",1,CAGDP2,79,"72","   Accommodation and food services ","Thousands of dollars",53756,(D),60924,64257,67695,69350,71261,71741,72230,70012,73209,80024,89498,90342,93274,98892,104808,108176,108457,90732,113328,131653,151148
 "33005","Cheshire, NH",1,CAGDP2,82,"81","  Other services (except government and government enterprises) ","Thousands of dollars",66733,72568,71815,73693,76206,79257,78494,80640,83304,83933,80609,80178,81337,83273,87310,91787,97898,104842,112277,100383,111205,133728,145919
 "33005","Cheshire, NH",1,CAGDP2,83,"92","Government and government enterprises ","Thousands of dollars",272705,285676,309601,326800,338056,351445,369578,383463,387261,413826,404343,407466,427727,434528,435616,431532,433150,434648,440025,450531,455664,461901,470108
 "33005","Cheshire, NH",1,CAGDP2,87,"11,21","Natural resources and mining ","Thousands of dollars",(D),18328,8871,(D),(D),(D),(D),(D),(D),(D),(D),(D),(D),34648,(D),14616,(D),(D),(D),(D),(D),(D),15870
 "33005","Cheshire, NH",1,CAGDP2,88,"42,44-45","Trade ","Thousands of dollars",313097,311355,341010,338556,344441,361471,381298,413880,401643,391226,374766,383042,426520,452194,496019,518247,540278,554575,578816,636946,659780,707890,(D)
 "33005","Cheshire, NH",1,CAGDP2,89,"22,48-49","Transportation and utilities ","Thousands of dollars",(D),(D),(D),(D),(D),(D),(D),(D),(D),(D),(D),(D),(D),43163,(D),46656,(D),(D),(D),(D),(D),(D),(D)
 "33005","Cheshire, NH",1,CAGDP2,90,"31-33,51","Manufacturing and information ","Thousands of dollars",437260,442260,432393,450585,473827,521786,458274,468782,(D),(D),(D),442536,508559,470551,513031,539310,560559,557582,581460,574681,619952,662719,713023
 "33005","Cheshire, NH",1,CAGDP2,91,"...","Private goods-producing industries 2/","Thousands of dollars",(D),507810,515242,(D),(D),(D),(D),(D),(D),(D),(D),(D),(D),616871,(D),650899,(D),(D),(D),(D),(D),(D),883985
 "33005","Cheshire, NH",1,CAGDP2,92,"...","Private services-providing industries 3/","Thousands of dollars",(D),1481448,1528646,(D),(D),(D),(D),(D),(D),(D),(D),(D),(D),2379769,(D),2618103,(D),(D),(D),(D),(D),(D),3614410
 "33007","Coos, NH",1,CAGDP2,1,"...","All industry total ","Thousands of dollars",912717,912274,970165,1009093,1043801,1040743,1054229,1072184,1091699,1131064,1109631,1135869,1187679,1192139,1232924,1296019,1259972,1303220,1316449,1331297,1455788,1598784,1716064
 "33007","Coos, NH",1,CAGDP2,2,"..."," Private industries ","Thousands of dollars",771372,764229,813000,846490,870856,857922,861618,872555,891314,919465,904473,921513,942894,937451,980427,1039088,999146,1037559,1046447,1057441,1173802,1308887,1409999
 "33007","Coos, NH",1,CAGDP2,3,"11","  Agriculture, forestry, fishing and hunting ","Thousands of dollars",22620,(D),19707,23535,24498,17472,20142,12471,(D),(D),12254,(D),10453,14817,(D),17811,14429,11858,(D),(D),8414,8788,9418
 "33007","Coos, NH",1,CAGDP2,6,"21","  Mining, quarrying, and oil and gas extraction ","Thousands of dollars",778,558,990,1830,1584,2411,2909,1789,1643,1808,1228,1918,1811,1546,(D),2414,1950,5136,3519,2180,(D),(D),(D)
 "33007","Coos, NH",1,CAGDP2,10,"22","  Utilities ","Thousands of dollars",24491,18737,18607,20948,25036,18414,20277,22065,(D),(D),34452,(D),(D),62132,(D),74275,80818,(D),(D),(D),(D),89282,91101
 "33007","Coos, NH",1,CAGDP2,11,"23","  Construction ","Thousands of dollars",28914,25726,39369,43481,46124,41317,7965,0,11433,42517,50054,62556,63435,33381,(D),26471,(D),(D),33003,36476,30570,55784,66991
 "33007","Coos, NH",1,CAGDP2,12,"31-33","  Manufacturing ","Thousands of dollars",133930,102376,109064,112165,111777,97998,87533,75278,72696,69300,55550,55520,59793,47857,(D),60674,(D),(D),(D),(D),(D),84673,84503
 "33007","Coos, NH",1,CAGDP2,13,"321,327-339","   Durable goods manufacturing ","Thousands of dollars",29215,31255,25310,27770,27029,(D),29564,30622,30720,31022,29579,22974,26001,22489,(D),29911,(D),(D),(D),(D),(D),42905,44517
 "33007","Coos, NH",1,CAGDP2,25,"311-316,322-326","   Nondurable goods manufacturing ","Thousands of dollars",104715,71121,83754,84396,84747,(D),57969,44656,41976,38278,25971,32546,33792,25369,27404,30762,27100,27155,34804,35175,39919,41769,39986
 "33007","Coos, NH",1,CAGDP2,34,"42","  Wholesale trade ","Thousands of dollars",22292,19194,17180,(D),(D),20783,(D),(D),22482,22761,21614,20615,21860,21652,24250,26444,27905,30385,31677,35586,37615,44009,(D)
 "33007","Coos, NH",1,CAGDP2,35,"44-45","  Retail trade ","Thousands of dollars",88200,91661,103328,101204,99362,92046,87677,93571,83000,(D),74357,(D),79567,80047,85903,89175,94615,98342,101445,114672,133802,149026,165188
 "33007","Coos, NH",1,CAGDP2,36,"48-49","  Transportation and warehousing ","Thousands of dollars",23739,22921,26410,34097,36287,32951,33262,31377,30531,30227,29232,27392,28108,28472,28927,27972,26635,26515,30791,28910,34901,34888,32548
 "33007","Coos, NH",1,CAGDP2,45,"51","  Information ","Thousands of dollars",5709,(D),6383,7485,9408,11898,11224,13185,13018,11161,10553,12212,14935,15824,17750,19928,19710,22608,27202,24566,22381,21119,21433
 "33007","Coos, NH",1,CAGDP2,50,"52,53","  Finance, insurance, real estate, rental, and leasing ","Thousands of dollars",180263,196550,203916,211646,222594,247328,267148,289872,291594,316026,311402,327031,307672,325186,337445,367544,319831,322416,297730,331459,348004,(D),(D)
 "33007","Coos, NH",1,CAGDP2,51,"52","   Finance and insurance ","Thousands of dollars",18212,18816,19528,19047,20025,27114,23894,22289,20925,21582,21603,22592,21306,23525,23799,25737,26640,30715,31302,27363,28076,32329,36012
 "33007","Coos, NH",1,CAGDP2,56,"53","   Real estate and rental and leasing ","Thousands of dollars",162051,177734,184388,192599,202569,220213,243254,267583,270668,294444,289799,304439,286367,301661,313646,341807,293191,291701,266427,304096,319928,(D),(D)
 "33007","Coos, NH",1,CAGDP2,59,"54,55,56","  Professional and business services ","Thousands of dollars",29472,(D),34043,(D),(D),36649,(D),(D),(D),40624,36946,33992,(D),39398,40117,38709,43688,46033,49877,49808,87607,77708,94684
 "33007","Coos, NH",1,CAGDP2,60,"54","   Professional, scientific, and technical services ","Thousands of dollars",16149,16286,16566,17053,(D),17431,18594,21756,17350,14924,13332,12183,(D),14751,14175,13746,15649,17622,20293,21757,26138,25764,26603
 "33007","Coos, NH",1,CAGDP2,64,"55","   Management of companies and enterprises ","Thousands of dollars",(D),(D),(D),(D),(D),912,(D),(D),(D),11261,9570,9748,(D),10870,11331,11346,12095,13020,12932,12220,36873,16013,17226
 "33007","Coos, NH",1,CAGDP2,65,"56","   Administrative and support and waste management and remediation services ","Thousands of dollars",(D),(D),(D),(D),14314,18306,17320,16050,15563,14439,14044,12061,12342,13777,14611,13617,15944,15391,16652,15831,24596,35931,50855
 "33007","Coos, NH",1,CAGDP2,68,"61,62","  Educational services, health care, and social assistance ","Thousands of dollars",81082,88528,94369,101305,106310,112973,121492,130524,137246,138138,142468,137895,138314,140706,(D),148946,150797,(D),(D),(D),(D),(D),167737
 "33007","Coos, NH",1,CAGDP2,69,"61","   Educational services ","Thousands of dollars",3087,3314,3234,3165,3129,3573,5530,4995,5272,4660,4333,3790,4072,4177,(D),5234,5396,(D),(D),(D),(D),(D),8228
 "33007","Coos, NH",1,CAGDP2,70,"62","   Health care and social assistance ","Thousands of dollars",77995,85214,91136,98140,103180,109399,115962,125529,131974,133478,138135,134105,134241,136529,139355,143712,145401,146718,150429,149621,150405,154574,159508
 "33007","Coos, NH",1,CAGDP2,75,"71,72","  Arts, entertainment, recreation, accommodation, and food services ","Thousands of dollars",103616,115374,114059,114396,109236,100599,117569,115355,111831,102246,103033,98078,110269,105721,113964,118853,130083,140440,139697,99209,130623,176688,196679
 "33007","Coos, NH",1,CAGDP2,76,"71","   Arts, entertainment, and recreation ","Thousands of dollars",17811,20086,21059,21054,20596,18827,17543,14924,20030,17937,17464,17885,19728,19666,21285,21742,21399,21588,23426,15657,21795,26896,32049
 "33007","Coos, NH",1,CAGDP2,79,"72","   Accommodation and food services ","Thousands of dollars",85804,95288,93000,93342,88640,81772,100026,100431,91800,84309,85569,80193,90541,86055,92680,97111,108684,118852,116272,83552,108827,149792,164631
 "33007","Coos, NH",1,CAGDP2,82,"81","  Other services (except government and government enterprises) ","Thousands of dollars",26265,28949,25574,24455,24808,25084,23260,21791,22381,21792,21329,21377,20471,20709,19618,19871,20180,21493,20539,19654,22426,25707,28063
 "33007","Coos, NH",1,CAGDP2,83,"92","Government and government enterprises ","Thousands of dollars",141345,148045,157165,162603,172945,182821,192612,199629,200385,211599,205158,214357,244785,254689,252497,256932,260826,265660,270002,273856,281986,289896,306064
 "33007","Coos, NH",1,CAGDP2,87,"11,21","Natural resources and mining ","Thousands of dollars",23398,(D),20697,25365,26082,19882,23050,14259,(D),(D),13482,(D),12264,16364,16605,20226,16380,16994,(D),(D),(D),(D),(D)
 "33007","Coos, NH",1,CAGDP2,88,"42,44-45","Trade ","Thousands of dollars",110491,110855,120507,(D),(D),112829,(D),(D),105482,(D),95971,(D),101427,101699,110153,115619,122520,128726,133122,150258,171418,193036,(D)
 "33007","Coos, NH",1,CAGDP2,89,"22,48-49","Transportation and utilities ","Thousands of dollars",48231,41658,45017,55045,61323,51366,53539,53442,(D),(D),63684,(D),(D),90604,(D),102246,107453,(D),(D),(D),(D),124171,123648
 "33007","Coos, NH",1,CAGDP2,90,"31-33,51","Manufacturing and information ","Thousands of dollars",139639,(D),115447,119651,121185,109896,98758,88463,85714,80461,66103,67732,74728,63682,(D),80602,(D),(D),(D),(D),(D),105792,105936
 "33007","Coos, NH",1,CAGDP2,91,"...","Private goods-producing industries 2/","Thousands of dollars",186242,(D),169131,181012,183983,159197,118549,89537,(D),(D),119087,(D),135491,97602,100339,107371,84884,95951,119590,117364,119844,(D),(D)
 "33007","Coos, NH",1,CAGDP2,92,"...","Private services-providing industries 3/","Thousands of dollars",585129,(D),643869,665478,686873,698726,743069,783018,(D),(D),785387,(D),807402,839848,880087,931717,914263,941609,926857,940077,1053958,(D),(D)
 "33009","Grafton, NH",1,CAGDP2,1,"...","All industry total ","Thousands of dollars",3626926,3860908,4097731,4252322,4477614,4614281,4871103,5099680,5148524,5371145,5311888,5444258,5741947,5954568,6239912,6500964,6546178,6866890,7071667,7188680,7993285,8644096,9372986
 "33009","Grafton, NH",1,CAGDP2,2,"..."," Private industries ","Thousands of dollars",3256283,3472316,3673639,3803941,4011778,4120606,4348863,4558498,4603029,4784001,4727117,4859866,5145843,5345837,5630300,5885464,5924144,6228169,6414283,6516407,7303628,7956321,8663984
 "33009","Grafton, NH",1,CAGDP2,3,"11","  Agriculture, forestry, fishing and hunting ","Thousands of dollars",31083,20783,33556,46849,44812,47300,53749,61452,30073,41180,48459,50631,55094,79734,104489,40992,68726,76161,70499,93063,94897,178715,144432
 "33009","Grafton, NH",1,CAGDP2,6,"21","  Mining, quarrying, and oil and gas extraction ","Thousands of dollars",1510,2608,3137,4797,5053,7612,8594,8319,6938,7133,4915,6701,4814,5822,5940,8808,6070,11918,10522,8378,8758,10715,16692
 "33009","Grafton, NH",1,CAGDP2,10,"22","  Utilities ","Thousands of dollars",39098,40536,54516,70877,78362,41052,14104,54248,119018,107788,69998,64321,83482,86065,83484,76949,99667,104772,127919,139074,97170,84868,95063
 "33009","Grafton, NH",1,CAGDP2,11,"23","  Construction ","Thousands of dollars",111877,111976,101230,105312,117039,140084,151636,96890,57915,58046,16643,4306,54255,59959,40376,76276,81108,103797,11828,6387,1868,56519,73810
 "33009","Grafton, NH",1,CAGDP2,12,"31-33","  Manufacturing ","Thousands of dollars",558168,575181,565805,491205,490161,476357,529627,501492,399296,436214,482406,480949,575473,594494,643631,604681,565767,571176,558142,532623,606243,697290,712792
 "33009","Grafton, NH",1,CAGDP2,13,"321,327-339","   Durable goods manufacturing ","Thousands of dollars",305373,334229,341090,342490,345914,359322,400827,412407,332768,373884,413157,416309,486744,498658,551260,512493,486146,492508,477916,450148,506853,579020,590110
 "33009","Grafton, NH",1,CAGDP2,25,"311-316,322-326","   Nondurable goods manufacturing ","Thousands of dollars",252795,240952,224715,148715,144247,117035,128800,89085,66528,62330,69249,64639,88728,95836,92371,92188,79621,78668,80226,82476,99391,118270,122681
 "33009","Grafton, NH",1,CAGDP2,34,"42","  Wholesale trade ","Thousands of dollars",112818,111166,113069,126200,130934,151236,157946,164826,157345,162176,161381,172684,189295,198339,200405,199742,199123,206375,222860,214699,277259,310107,307257
 "33009","Grafton, NH",1,CAGDP2,35,"44-45","  Retail trade ","Thousands of dollars",326527,338876,357231,345300,357176,350909,350163,375157,351542,333148,329152,321478,355163,357126,374557,373513,389057,397968,416661,464634,574291,652022,733929
 "33009","Grafton, NH",1,CAGDP2,36,"48-49","  Transportation and warehousing ","Thousands of dollars",40183,39259,40714,39074,38544,34928,34124,34782,33242,36868,37683,38915,42727,49338,58516,63904,68472,67129,62605,64282,76797,88583,89698
 "33009","Grafton, NH",1,CAGDP2,45,"51","  Information ","Thousands of dollars",104856,153095,149957,183048,216033,206701,233821,239990,174326,162452,148228,135772,147213,143779,142793,160174,166067,181701,254658,247173,257297,256968,286609
 "33009","Grafton, NH",1,CAGDP2,50,"52,53","  Finance, insurance, real estate, rental, and leasing ","Thousands of dollars",518465,553638,604565,616942,668907,706938,751708,803277,861791,931102,914549,1006746,986484,966313,983730,1107517,992948,1064486,1027048,1170719,1289523,1360258,1440996
 "33009","Grafton, NH",1,CAGDP2,51,"52","   Finance and insurance ","Thousands of dollars",77853,81937,107250,95066,126465,141793,134582,117169,158383,181226,179334,184588,189289,163519,174463,236386,241531,262108,278293,309439,334022,309756,324058
 "33009","Grafton, NH",1,CAGDP2,56,"53","   Real estate and rental and leasing ","Thousands of dollars",440612,471701,497315,521876,542443,565145,617127,686108,703408,749876,735214,822158,797195,802794,809267,871130,751416,802378,748756,861280,955501,1050502,1116937
 "33009","Grafton, NH",1,CAGDP2,59,"54,55,56","  Professional and business services ","Thousands of dollars",309241,295097,290128,326134,354847,384028,392137,393099,398590,456532,459407,483056,463225,547078,594618,651440,679925,684764,747350,772843,1003707,903606,1135914
 "33009","Grafton, NH",1,CAGDP2,60,"54","   Professional, scientific, and technical services ","Thousands of dollars",213273,208680,202341,234391,260505,289352,289827,279676,277190,320532,331961,344969,336808,402785,434253,454351,469528,494166,568646,590206,650240,670576,872036
 "33009","Grafton, NH",1,CAGDP2,64,"55","   Management of companies and enterprises ","Thousands of dollars",42356,33944,35965,36219,37317,36712,35382,39379,47522,58813,49814,64658,51931,60104,67068,98147,105267,79002,61984,66051,219770,86335,92872
 "33009","Grafton, NH",1,CAGDP2,65,"56","   Administrative and support and waste management and remediation services ","Thousands of dollars",53612,52473,51822,55523,57025,57964,66929,74044,73879,77188,77632,73429,74485,84189,93296,98943,105130,111596,116720,116586,133698,146695,171006
 "33009","Grafton, NH",1,CAGDP2,68,"61,62","  Educational services, health care, and social assistance ","Thousands of dollars",819663,923091,1038195,1115344,1169614,1239631,1325424,1474967,1644978,1654892,1656893,1684132,1755502,1817058,1927306,2030576,2078394,2181266,2311411,2341346,2427182,2617049,2814739
 "33009","Grafton, NH",1,CAGDP2,69,"61","   Educational services ","Thousands of dollars",334595,379314,435647,470294,480277,506025,528048,588240,659334,653843,644751,656228,702863,736156,766673,778725,753428,798172,829444,805067,840762,932723,1037555
 "33009","Grafton, NH",1,CAGDP2,70,"62","   Health care and social assistance ","Thousands of dollars",485068,543776,602548,645050,689337,733607,797376,886727,985643,1001048,1012143,1027905,1052639,1080902,1160633,1251851,1324966,1383094,1481966,1536279,1586420,1684326,1777183
 "33009","Grafton, NH",1,CAGDP2,75,"71,72","  Arts, entertainment, recreation, accommodation, and food services ","Thousands of dollars",197254,216175,232892,242520,248758,240909,254340,258654,274880,300739,303989,318868,342139,342068,369147,394027,427524,466335,476424,357137,471133,604409,665609
 "33009","Grafton, NH",1,CAGDP2,76,"71","   Arts, entertainment, and recreation ","Thousands of dollars",49394,56640,68984,70490,66898,71158,75046,78340,83268,109639,99078,99164,91045,82093,72442,75059,83136,91291,104317,73318,88663,83533,100975
 "33009","Grafton, NH",1,CAGDP2,79,"72","   Accommodation and food services ","Thousands of dollars",147860,159535,163908,172031,181860,169750,179293,180314,191612,191100,204911,219704,251093,259975,296705,318967,344388,375044,372107,283820,382469,520876,564634
 "33009","Grafton, NH",1,CAGDP2,82,"81","  Other services (except government and government enterprises) ","Thousands of dollars",85541,90836,88646,90341,91536,92921,91489,91345,93098,95731,93413,91307,90977,98663,101306,96867,101295,110322,116358,104049,117501,135212,146444
 "33009","Grafton, NH",1,CAGDP2,83,"92","Government and government enterprises ","Thousands of dollars",370644,388592,424092,448381,465836,493675,522239,541182,545495,587144,584771,584392,596104,608731,609612,615499,622034,638721,657384,672272,689657,687775,709003
 "33009","Grafton, NH",1,CAGDP2,87,"11,21","Natural resources and mining ","Thousands of dollars",32593,23390,36693,51646,49865,54912,62343,69771,37011,48313,53375,57332,59908,85556,110429,49800,74797,88079,81021,101441,103656,189430,161124
 "33009","Grafton, NH",1,CAGDP2,88,"42,44-45","Trade ","Thousands of dollars",439345,450042,470300,471500,488110,502145,508110,539983,508887,495324,490533,494163,544458,555466,574962,573255,588180,604342,639521,679333,851550,962129,1041186
 "33009","Grafton, NH",1,CAGDP2,89,"22,48-49","Transportation and utilities ","Thousands of dollars",79281,79795,95230,109950,116907,75980,48228,89030,152259,144656,107682,103235,126209,135403,142000,140853,168140,171900,190524,203356,173967,173450,184761
 "33009","Grafton, NH",1,CAGDP2,90,"31-33,51","Manufacturing and information ","Thousands of dollars",663024,728276,715761,674252,706193,683058,763448,741482,573621,598666,630634,616721,722686,738274,786425,764855,731834,752877,812799,779796,863540,954258,999401
 "33009","Grafton, NH",1,CAGDP2,91,"...","Private goods-producing industries 2/","Thousands of dollars",702637,710548,703728,648163,657065,671353,743606,668153,494221,542574,552423,542587,689636,740009,794437,730757,721672,763053,650991,640451,711767,943239,947726
 "33009","Grafton, NH",1,CAGDP2,92,"...","Private services-providing industries 3/","Thousands of dollars",2553645,2761769,2969911,3155778,3354713,3449253,3605257,3890345,4108808,4241427,4174694,4317279,4456207,4605828,4835862,5154708,5202472,5465116,5763293,5875956,6591861,7013082,7716258
 "33011","Hillsborough, NH",1,CAGDP2,1,"...","All industry total ","Thousands of dollars",15067836,15786262,17044021,17974396,18710581,19764809,20370169,20620262,20653015,20858757,21651163,21954520,22758478,23662077,24900853,25561852,25959140,26917908,28258148,28628021,32349765,34499830,36596890
 "33011","Hillsborough, NH",1,CAGDP2,2,"..."," Private industries ","Thousands of dollars",13539231,14187553,15304914,16173123,16797291,17775024,18253376,18407208,18461100,18604708,19394289,19708812,20486492,21296659,22530322,23159011,23501247,24375792,25642670,25948462,29580272,31612755,33547303
 "33011","Hillsborough, NH",1,CAGDP2,3,"11","  Agriculture, forestry, fishing and hunting ","Thousands of dollars",20585,20203,(D),(D),8926,17969,24704,15545,21915,14988,17224,14039,19294,(D),(D),(D),(D),(D),(D),(D),28231,36035,27153
 "33011","Hillsborough, NH",1,CAGDP2,6,"21","  Mining, quarrying, and oil and gas extraction ","Thousands of dollars",5382,6431,6592,7008,7511,10260,12171,11390,7283,6808,4802,7457,6092,7835,5647,9894,9539,19953,20762,17258,(D),(D),(D)
 "33011","Hillsborough, NH",1,CAGDP2,10,"22","  Utilities ","Thousands of dollars",48920,43419,39169,43172,44652,34040,33516,44686,49774,50597,54146,48951,52722,47798,40621,38327,42281,50826,50478,67539,74272,90073,86283
 "33011","Hillsborough, NH",1,CAGDP2,11,"23","  Construction ","Thousands of dollars",583678,587204,649970,758409,782060,789089,762700,657065,605667,569769,572064,570924,634481,700087,(D),813600,(D),(D),1035872,926983,1031169,1076222,1180064
 "33011","Hillsborough, NH",1,CAGDP2,12,"31-33","  Manufacturing ","Thousands of dollars",2640135,2723689,3019902,3048280,2736994,3160758,3182718,2875911,2855961,3064106,3299285,2958536,3046077,2681988,3175262,3200141,3020564,3110532,3366575,3377876,3661180,3727115,3628627
 "33011","Hillsborough, NH",1,CAGDP2,13,"321,327-339","   Durable goods manufacturing ","Thousands of dollars",2040290,2176143,2507503,2567483,2269249,2619192,2624277,2325654,2267875,2503355,2788670,2475497,2585906,2222830,2691875,2690068,2511255,2560848,2779061,2769963,3003576,3061556,2874512
 "33011","Hillsborough, NH",1,CAGDP2,25,"311-316,322-326","   Nondurable goods manufacturing ","Thousands of dollars",599845,547546,512399,480797,467746,541565,558441,550257,588086,560751,510615,483039,460171,459158,483387,510073,509309,549684,587514,607913,657604,665559,754115
 "33011","Hillsborough, NH",1,CAGDP2,34,"42","  Wholesale trade ","Thousands of dollars",1068561,1074274,1127017,1236007,1313488,1401431,1473662,1501210,1410225,1499498,1567160,1663020,1695782,1797110,1968144,1917274,1924610,1982854,2149537,2305938,2533591,2917209,3021466
 "33011","Hillsborough, NH",1,CAGDP2,35,"44-45","  Retail trade ","Thousands of dollars",1228657,1260584,1434114,1413241,1496935,1450072,1420910,1540852,1454663,1457443,1470499,1493680,1638358,1691499,1794859,1877797,1931660,1991551,2065372,2277594,2645817,2734615,3032938
 "33011","Hillsborough, NH",1,CAGDP2,36,"48-49","  Transportation and warehousing ","Thousands of dollars",235966,259309,(D),(D),366667,365302,329497,341813,335803,353581,388866,398510,385691,(D),(D),(D),(D),(D),(D),(D),(D),(D),(D)
 "33011","Hillsborough, NH",1,CAGDP2,45,"51","  Information ","Thousands of dollars",767826,834356,842682,998609,1114621,1156046,1217551,1341929,1354038,1354670,1268924,1208531,1255028,1447037,1303991,1419973,1381752,1440327,1564591,1607193,1724610,1816207,2021445
 "33011","Hillsborough, NH",1,CAGDP2,50,"52,53","  Finance, insurance, real estate, rental, and leasing ","Thousands of dollars",3077122,3406469,3615795,3796530,4144100,4350191,4369603,4304168,4549727,4306789,4562883,4867445,5050000,5456882,5630326,5703326,5808336,5884359,6083582,6238090,6559650,(D),(D)
 "33011","Hillsborough, NH",1,CAGDP2,51,"52","   Finance and insurance ","Thousands of dollars",1030589,1072783,1173964,1316742,1457857,1585287,1598637,1199296,1469003,1441145,1447973,1747110,1762905,2042936,2144557,2347684,2366308,2493619,2562469,2574104,2710912,2728047,2797803
 "33011","Hillsborough, NH",1,CAGDP2,56,"53","   Real estate and rental and leasing ","Thousands of dollars",2046533,2333686,2441831,2479788,2686243,2764905,2770966,3104872,3080724,2865643,3114910,3120335,3287094,3413947,3485769,3355642,3442028,3390740,3521113,3663986,3848738,(D),(D)
 "33011","Hillsborough, NH",1,CAGDP2,59,"54,55,56","  Professional and business services ","Thousands of dollars",1776733,1743977,1928303,2081047,2223089,2367670,2586191,2787460,2651655,2703919,2824866,3043115,3110998,3343669,3459944,3563323,3725355,3942872,4036868,4154498,5790416,5877130,6271056
 "33011","Hillsborough, NH",1,CAGDP2,60,"54","   Professional, scientific, and technical services ","Thousands of dollars",1112209,1092286,1217907,1322577,1504545,1583553,1650380,1911800,1792835,1810483,1901968,2031684,2078593,2220550,2261123,2305802,2366126,2474354,2580722,2703881,3307833,3835553,4109961
 "33011","Hillsborough, NH",1,CAGDP2,64,"55","   Management of companies and enterprises ","Thousands of dollars",183323,173528,192647,211018,215955,238163,285818,288989,297472,317512,313958,332891,343798,353541,367442,390512,424645,422148,406633,416184,1285685,576845,645751
 "33011","Hillsborough, NH",1,CAGDP2,65,"56","   Administrative and support and waste management and remediation services ","Thousands of dollars",481201,478162,517750,547452,502590,545955,649993,586671,561348,575924,608941,678541,688606,769579,831379,867008,934584,1046369,1049512,1034433,1196898,1464732,1515344
 "33011","Hillsborough, NH",1,CAGDP2,68,"61,62","  Educational services, health care, and social assistance ","Thousands of dollars",1238922,1326960,1414950,1496618,1595331,1706241,1828893,1955085,2125527,2170638,2262405,2286415,2370524,2451425,2613003,2739413,2858027,3004689,3158543,3136923,3355811,3597462,3837615
 "33011","Hillsborough, NH",1,CAGDP2,69,"61","   Educational services ","Thousands of dollars",157820,162122,180482,207950,219289,241436,272731,246018,308427,320343,329405,355311,373386,397638,450750,484568,500453,533254,575996,577919,603432,635295,643241
 "33011","Hillsborough, NH",1,CAGDP2,70,"62","   Health care and social assistance ","Thousands of dollars",1081102,1164838,1234468,1288668,1376042,1464805,1556162,1709067,1817100,1850294,1933000,1931104,1997139,2053786,2162253,2254845,2357573,2471435,2582547,2559004,2752379,2962167,3194374
 "33011","Hillsborough, NH",1,CAGDP2,75,"71,72","  Arts, entertainment, recreation, accommodation, and food services ","Thousands of dollars",464285,497023,516610,535002,529267,509895,552115,565815,589574,605208,648786,679354,720442,731552,804772,879805,933755,1003618,1048763,846046,1019954,1220376,1403462
 "33011","Hillsborough, NH",1,CAGDP2,76,"71","   Arts, entertainment, and recreation ","Thousands of dollars",72166,78999,90905,100321,93753,85497,87823,100495,105260,117782,125129,128105,137599,140555,148988,155808,162646,174613,204123,146856,198442,210767,244271
 "33011","Hillsborough, NH",1,CAGDP2,79,"72","   Accommodation and food services ","Thousands of dollars",392119,418024,425706,434681,435514,424398,464292,465320,484315,487426,523657,551249,582843,590997,655784,723997,771108,829005,844640,699190,821513,1009608,1159192
 "33011","Hillsborough, NH",1,CAGDP2,82,"81","  Other services (except government and government enterprises) ","Thousands of dollars",382458,403656,410305,425880,433649,456059,459145,464278,449288,446694,452379,468835,501002,520362,538299,557184,569655,613336,656465,600180,678880,770238,858979
 "33011","Hillsborough, NH",1,CAGDP2,83,"92","Government and government enterprises ","Thousands of dollars",1528604,1598709,1739107,1801273,1913290,1989785,2116793,2213054,2191914,2254049,2256874,2245708,2271987,2365418,2370531,2402842,2457893,2542115,2615478,2679559,2769493,2887075,3049587
 "33011","Hillsborough, NH",1,CAGDP2,87,"11,21","Natural resources and mining ","Thousands of dollars",25968,26634,(D),(D),16437,28229,36875,26935,29197,21796,22026,21495,25386,(D),(D),(D),(D),(D),(D),(D),(D),(D),(D)
 "33011","Hillsborough, NH",1,CAGDP2,88,"42,44-45","Trade ","Thousands of dollars",2297218,2334857,2561131,2649248,2810423,2851503,2894571,3042062,2864888,2956941,3037659,3156700,3334140,3488609,3763003,3795071,3856270,3974405,4214910,4583532,5179408,5651824,6054404
 "33011","Hillsborough, NH",1,CAGDP2,89,"22,48-49","Transportation and utilities ","Thousands of dollars",284886,302727,(D),(D),411319,399342,363013,386500,385577,404178,443012,447461,438413,(D),(D),(D),(D),(D),(D),(D),(D),(D),(D)
 "33011","Hillsborough, NH",1,CAGDP2,90,"31-33,51","Manufacturing and information ","Thousands of dollars",3407961,3558045,3862584,4046889,3851615,4316804,4400269,4217840,4209999,4418776,4568209,4167067,4301105,4129025,4479253,4620114,4402316,4550859,4931166,4985069,5385790,5543322,5650072
 "33011","Hillsborough, NH",1,CAGDP2,91,"...","Private goods-producing industries 2/","Thousands of dollars",3249780,3337527,(D),(D),3535492,3978076,3982293,3559911,3490825,3655671,3893375,3550955,3705944,(D),(D),(D),(D),(D),(D),(D),(D),(D),(D)
 "33011","Hillsborough, NH",1,CAGDP2,92,"...","Private services-providing industries 3/","Thousands of dollars",10289451,10850025,(D),(D),13261799,13796948,14271083,14847297,14970275,14949037,15500913,16157857,16780548,(D),(D),(D),(D),(D),(D),(D),(D),(D),(D)
 "33013","Merrimack, NH",1,CAGDP2,1,"...","All industry total ","Thousands of dollars",6301246,6509344,6415058,6623692,6930844,7705962,7859371,7896132,8367040,9009114,8801326,8897250,8845825,9204299,9236439,9591974,9725499,10089412,10449403,10297585,11003721,12157411,12899255
 "33013","Merrimack, NH",1,CAGDP2,2,"..."," Private industries ","Thousands of dollars",5371392,5540747,5384111,5568910,5819744,6525924,6595678,6560923,6986155,7573098,7385692,7491261,7415057,7706566,7715020,8038126,8114269,8450919,8746300,8559904,9261992,10356400,10996648
 "33013","Merrimack, NH",1,CAGDP2,3,"11","  Agriculture, forestry, fishing and hunting ","Thousands of dollars",28570,9466,40162,44244,35843,39155,22902,50208,46173,55521,39132,35099,35906,21450,24037,27886,64002,39868,45901,37662,24346,27153,23896
 "33013","Merrimack, NH",1,CAGDP2,6,"21","  Mining, quarrying, and oil and gas extraction ","Thousands of dollars",15808,22847,21959,23287,24373,36042,38455,34230,23233,26075,16291,21941,17696,21162,21799,33827,32918,63021,60620,57137,48394,62784,98482
 "33013","Merrimack, NH",1,CAGDP2,10,"22","  Utilities ","Thousands of dollars",153736,138832,126607,137748,134920,160269,157748,154256,174423,180980,164455,115829,123755,121621,102607,79986,80082,100619,80485,78851,89641,92858,88950
 "33013","Merrimack, NH",1,CAGDP2,11,"23","  Construction ","Thousands of dollars",302018,286835,288805,308833,321114,297038,295201,263639,258439,269152,243264,245864,249306,279667,336234,293679,336688,346626,387899,386470,380489,443044,478582
 "33013","Merrimack, NH",1,CAGDP2,12,"31-33","  Manufacturing ","Thousands of dollars",479946,484443,468881,481242,504937,519907,548939,551060,536070,546324,581304,618767,655972,618014,649572,677720,648642,651662,665691,614991,643799,687519,742525
 "33013","Merrimack, NH",1,CAGDP2,13,"321,327-339","   Durable goods manufacturing ","Thousands of dollars",(D),316690,302987,311939,322932,345852,(D),(D),(D),409593,433546,459395,485675,450161,483063,509897,495096,506155,517025,469388,491516,518854,571278
 "33013","Merrimack, NH",1,CAGDP2,25,"311-316,322-326","   Nondurable goods manufacturing ","Thousands of dollars",(D),167753,165894,169304,182005,174054,(D),(D),(D),136731,147758,159371,170297,167853,166510,167824,153546,145507,148666,145603,152284,168665,171247
 "33013","Merrimack, NH",1,CAGDP2,34,"42","  Wholesale trade ","Thousands of dollars",401867,422560,414592,432677,449546,475446,484272,499785,501207,521583,538145,568717,629763,673571,756118,802709,874045,899835,926850,941185,1114926,1276312,1384851
 "33013","Merrimack, NH",1,CAGDP2,35,"44-45","  Retail trade ","Thousands of dollars",1456223,1492304,1243835,1168615,1236865,1626015,1432026,1334979,1643213,2017964,1767323,1617646,1250828,908880,579176,600489,619123,620472,679507,722346,775136,812413,856061
 "33013","Merrimack, NH",1,CAGDP2,36,"48-49","  Transportation and warehousing ","Thousands of dollars",77086,78991,77214,89865,94753,95963,92591,85253,86088,90983,99749,91760,98581,107160,119868,122704,121798,136342,128148,141143,153578,189538,202451
 "33013","Merrimack, NH",1,CAGDP2,45,"51","  Information ","Thousands of dollars",85236,87706,77653,86799,94796,103706,85839,109980,104257,94127,79015,77348,91583,91287,101033,107257,112440,130236,166653,171069,172984,173662,194447
 "33013","Merrimack, NH",1,CAGDP2,50,"52,53","  Finance, insurance, real estate, rental, and leasing ","Thousands of dollars",1088951,1149965,1172490,1249882,1322433,1497778,1694146,1563955,1663514,1785393,1821533,2024993,2135915,2669146,2697088,2827926,2628949,2701823,2752535,2652440,2577715,3032770,3063940
 "33013","Merrimack, NH",1,CAGDP2,51,"52","   Finance and insurance ","Thousands of dollars",369676,398889,379882,411264,408745,511289,552097,456108,557453,623334,684998,879572,938150,1473988,1491338,1509686,1349147,1478777,1474010,1283154,1028554,1065023,1082098
 "33013","Merrimack, NH",1,CAGDP2,56,"53","   Real estate and rental and leasing ","Thousands of dollars",719275,751076,792608,838618,913688,986488,1142049,1107847,1106061,1162059,1136534,1145421,1197765,1195157,1205750,1318240,1279802,1223046,1278525,1369286,1549160,1967748,1981841
 "33013","Merrimack, NH",1,CAGDP2,59,"54,55,56","  Professional and business services ","Thousands of dollars",461077,474240,504537,541428,558934,575072,598962,634096,613980,652043,670631,698706,696311,738080,789376,845449,923712,1031870,1059026,1074716,1468445,1531179,1668012
 "33013","Merrimack, NH",1,CAGDP2,60,"54","   Professional, scientific, and technical services ","Thousands of dollars",319167,338441,360721,388157,415329,416945,420561,443094,409276,441547,462728,468717,465256,487496,504874,545096,575586,621941,632059,655054,758126,859390,974096
 "33013","Merrimack, NH",1,CAGDP2,64,"55","   Management of companies and enterprises ","Thousands of dollars",54278,44506,46449,45757,37263,37088,49513,51730,60569,57335,56851,62160,59864,49636,58282,67856,77309,80754,84575,92341,336146,225661,163964
 "33013","Merrimack, NH",1,CAGDP2,65,"56","   Administrative and support and waste management and remediation services ","Thousands of dollars",87632,91292,97368,107515,106341,121040,128887,139273,144135,153161,151052,167829,171191,200947,226220,232497,270817,329175,342391,327322,374174,446128,529952
 "33013","Merrimack, NH",1,CAGDP2,68,"61,62","  Educational services, health care, and social assistance ","Thousands of dollars",499996,547649,592174,638508,676640,719357,765547,882505,918468,929689,961734,961608,985183,996803,1042248,1094888,1118238,1138127,1178221,1154002,1218932,1280552,1375504
 "33013","Merrimack, NH",1,CAGDP2,69,"61","   Educational services ","Thousands of dollars",88612,90983,98899,110273,109431,112328,116615,167921,139826,140979,147611,141890,139879,135160,142490,148724,152849,166579,177803,170379,173385,192657,205213
 "33013","Merrimack, NH",1,CAGDP2,70,"62","   Health care and social assistance ","Thousands of dollars",411384,456667,493275,528236,567209,607029,648932,714584,778642,788710,814123,819718,845304,861643,899758,946164,965389,971548,1000418,983623,1045547,1087895,1170291
 "33013","Merrimack, NH",1,CAGDP2,75,"71,72","  Arts, entertainment, recreation, accommodation, and food services ","Thousands of dollars",168738,174471,190373,192171,187189,192113,188932,204025,220631,207105,212691,216139,241409,242177,268308,281089,295918,310241,327827,259517,297926,370816,422341
 "33013","Merrimack, NH",1,CAGDP2,76,"71","   Arts, entertainment, and recreation ","Thousands of dollars",55483,55668,69441,70120,59195,56268,53160,65277,79354,70441,72347,71136,81924,78188,84106,87752,89008,93206,106386,66086,72788,90811,102751
 "33013","Merrimack, NH",1,CAGDP2,79,"72","   Accommodation and food services ","Thousands of dollars",113254,118803,120932,122050,127994,135845,135772,138748,141277,136664,140344,145002,159485,163989,184201,193337,206910,217035,221441,193431,225138,280005,319590
 "33013","Merrimack, NH",1,CAGDP2,82,"81","  Other services (except government and government enterprises) ","Thousands of dollars",152139,170438,164828,173611,177400,188063,190118,192951,196459,196159,190424,196844,202849,217548,227559,242518,257714,280176,286938,268374,295681,375798,396606
 "33013","Merrimack, NH",1,CAGDP2,83,"92","Government and government enterprises ","Thousands of dollars",929854,968597,1030948,1054782,1111100,1180038,1263693,1335208,1380885,1436016,1415635,1405989,1430769,1497733,1521419,1553848,1611230,1638493,1703102,1737682,1741730,1801011,1902607
 "33013","Merrimack, NH",1,CAGDP2,87,"11,21","Natural resources and mining ","Thousands of dollars",44379,32313,62120,67531,60216,75197,61357,84438,69406,81595,55423,57040,53602,42612,45836,61713,96921,102889,106521,94799,72740,89937,122377
 "33013","Merrimack, NH",1,CAGDP2,88,"42,44-45","Trade ","Thousands of dollars",1858091,1914864,1658427,1601292,1686411,2101461,1916298,1834764,2144420,2539548,2305468,2186363,1880591,1582451,1335293,1403198,1493167,1520308,1606357,1663531,1890061,2088725,2240913
 "33013","Merrimack, NH",1,CAGDP2,89,"22,48-49","Transportation and utilities ","Thousands of dollars",230822,217822,203821,227612,229674,256232,250339,239509,260511,271964,264204,207589,222337,228781,222475,202690,201880,236961,208633,219994,243219,282396,291401
 "33013","Merrimack, NH",1,CAGDP2,90,"31-33,51","Manufacturing and information ","Thousands of dollars",565181,572149,546534,568041,599733,623613,634778,661040,640327,640450,660319,696114,747555,709301,750605,784977,761082,781898,832344,786060,816783,861181,936972
 "33013","Merrimack, NH",1,CAGDP2,91,"...","Private goods-producing industries 2/","Thousands of dollars",826342,803592,819806,857606,886267,892142,905497,899138,863915,897071,879991,921671,958880,940292,1031642,1033112,1082251,1101177,1160111,1096260,1097028,1220501,1343485
 "33013","Merrimack, NH",1,CAGDP2,92,"...","Private services-providing industries 3/","Thousands of dollars",4545050,4737155,4564305,4711304,4933477,5633783,5690181,5661786,6122240,6676027,6505700,6569590,6456177,6766274,6683379,7005014,7032019,7349742,7586190,7463644,8164963,9135899,9653164
 "33015","Rockingham, NH",1,CAGDP2,1,"...","All industry total ","Thousands of dollars",11007544,11588519,12337329,13369868,13991154,15014696,15298834,14771335,14949062,15721723,16085487,16837192,17785073,18506294,19940083,20567311,21226840,21782292,23297153,23501115,27281783,29339562,31857875
 "33015","Rockingham, NH",1,CAGDP2,2,"..."," Private industries ","Thousands of dollars",10016915,10557239,11275815,12242278,12780683,13711497,13950924,13390239,13583807,14284441,14665828,15419147,16332153,17017232,18460804,19079338,19718329,20248232,21729205,21945728,25647733,27588110,29982066
 "33015","Rockingham, NH",1,CAGDP2,3,"11","  Agriculture, forestry, fishing and hunting ","Thousands of dollars",15028,13308,24890,27772,18320,11906,10084,12878,6867,12617,21538,39582,40386,25745,28892,53583,37869,32552,25441,25172,31175,24216,40848
 "33015","Rockingham, NH",1,CAGDP2,6,"21","  Mining, quarrying, and oil and gas extraction ","Thousands of dollars",3896,5399,5774,5607,6226,7127,17364,16020,10508,10800,11579,11094,10034,10509,11555,12939,12761,14577,13296,11456,13262,17411,9641
 "33015","Rockingham, NH",1,CAGDP2,10,"22","  Utilities ","Thousands of dollars",515336,501241,583832,681835,645591,696960,704366,726151,864696,912922,919826,921960,899150,912630,944239,935392,941942,914423,894455,968804,1026212,1236504,1057646
 "33015","Rockingham, NH",1,CAGDP2,11,"23","  Construction ","Thousands of dollars",655500,705698,702945,738561,772778,786841,669787,592043,543459,547894,587888,564877,518404,467224,542166,624203,624609,631562,819618,840733,915186,997841,1138192
 "33015","Rockingham, NH",1,CAGDP2,12,"31-33","  Manufacturing ","Thousands of dollars",1255017,1330507,1462591,1452364,1338405,1463952,1545800,1524753,1571255,1704642,1604922,1653736,1884339,1786593,2023543,2252703,2217523,2288530,2438697,2373555,2500809,2799064,2849941
 "33015","Rockingham, NH",1,CAGDP2,13,"321,327-339","   Durable goods manufacturing ","Thousands of dollars",877689,963599,1042489,1023336,875159,965746,995255,954571,933192,1058624,1004630,1004359,1155114,999070,1179849,1298017,1264479,1297956,1400618,1296221,1346242,1472488,1448959
 "33015","Rockingham, NH",1,CAGDP2,25,"311-316,322-326","   Nondurable goods manufacturing ","Thousands of dollars",377328,366908,420102,429028,463247,498206,550545,570182,638062,646017,600292,649376,729225,787523,843694,954685,953045,990574,1038079,1077333,1154567,1326576,1400982
 "33015","Rockingham, NH",1,CAGDP2,34,"42","  Wholesale trade ","Thousands of dollars",869950,888241,933769,1001684,1069182,1124776,1169711,1230700,1158286,1249187,1297549,1373213,1493198,1541120,1661980,1636100,1682819,1752927,1780172,1843756,2193852,2560257,2786201
 "33015","Rockingham, NH",1,CAGDP2,35,"44-45","  Retail trade ","Thousands of dollars",1050065,1097958,1184427,1172616,1202494,1141926,1108095,1164697,1102997,1105084,1123302,1151296,1238640,1279881,1370413,1452511,1516089,1596010,1689736,1714937,1897504,2025451,2227339
 "33015","Rockingham, NH",1,CAGDP2,36,"48-49","  Transportation and warehousing ","Thousands of dollars",234222,238446,260715,262628,284493,335867,307630,280896,270402,281963,296105,303019,340898,340975,413062,453219,437187,491785,464071,528756,704384,769705,786242
 "33015","Rockingham, NH",1,CAGDP2,45,"51","  Information ","Thousands of dollars",320294,407790,410647,503966,536821,517139,566738,599897,609219,659573,662536,809548,926208,1001175,1024299,1026156,964848,970558,1131769,1093510,1154088,1201056,1368515
 "33015","Rockingham, NH",1,CAGDP2,50,"52,53","  Finance, insurance, real estate, rental, and leasing ","Thousands of dollars",2181328,2366284,2551317,2758949,2972888,3163062,3522300,3095198,3273575,3291538,3472999,3676171,3849061,4010114,4396294,4344277,4421892,4328186,4632994,5211429,5561514,6256060,6947229
 "33015","Rockingham, NH",1,CAGDP2,51,"52","   Finance and insurance ","Thousands of dollars",583501,600119,673476,755875,774850,935748,940588,658725,768813,779545,810197,951006,973367,1231089,1288946,1393134,1237412,1392284,1563349,1539713,1630788,1614387,1703787
 "33015","Rockingham, NH",1,CAGDP2,56,"53","   Real estate and rental and leasing ","Thousands of dollars",1597826,1766164,1877841,2003074,2198038,2227314,2581712,2436473,2504763,2511993,2662801,2725165,2875694,2779025,3107347,2951143,3184480,2935902,3069645,3671716,3930726,4641673,5243442
 "33015","Rockingham, NH",1,CAGDP2,59,"54,55,56","  Professional and business services ","Thousands of dollars",1470733,1428825,1494703,1768320,1882003,2200418,2129154,2060800,2002018,2166167,2243559,2369312,2419036,2802253,3033704,3095491,3473629,3471848,3691635,3700702,5345815,4871758,5423842
 "33015","Rockingham, NH",1,CAGDP2,60,"54","   Professional, scientific, and technical services ","Thousands of dollars",773652,780820,787460,833533,896371,952265,946990,1065344,1028500,1090756,1164779,1175961,1294423,1422276,1522886,1626816,1941201,2057130,2137839,2205177,2534308,2808415,3190839
 "33015","Rockingham, NH",1,CAGDP2,64,"55","   Management of companies and enterprises ","Thousands of dollars",353258,308539,327822,509412,517429,719701,561591,314071,282163,312301,319181,415825,355668,479888,495307,445773,431625,388248,500569,469712,1639930,659340,679440
 "33015","Rockingham, NH",1,CAGDP2,65,"56","   Administrative and support and waste management and remediation services ","Thousands of dollars",343823,339467,379422,425375,468202,528452,620573,681386,691356,763110,759599,777527,768944,900089,1015510,1022903,1100803,1026471,1053227,1025813,1171578,1404003,1553564
 "33015","Rockingham, NH",1,CAGDP2,68,"61,62","  Educational services, health care, and social assistance ","Thousands of dollars",708004,762651,823748,887933,929153,984493,1025248,1109679,1184941,1208585,1257337,1280742,1302055,1332037,1399577,1491622,1567884,1678483,1807572,1814697,1928413,2044502,2247478
 "33015","Rockingham, NH",1,CAGDP2,69,"61","   Educational services ","Thousands of dollars",120893,132879,150260,161673,154964,158174,160975,171427,188838,192652,197226,201711,206521,208558,220988,233664,242753,257560,287530,284894,297781,314419,333700
 "33015","Rockingham, NH",1,CAGDP2,70,"62","   Health care and social assistance ","Thousands of dollars",587111,629773,673488,726260,774189,826319,864273,938252,996103,1015933,1060112,1079032,1095534,1123479,1178589,1257958,1325131,1420923,1520042,1529803,1630632,1730083,1913778
 "33015","Rockingham, NH",1,CAGDP2,75,"71,72","  Arts, entertainment, recreation, accommodation, and food services ","Thousands of dollars",446981,482406,524508,651220,769335,918795,826508,648624,661107,797664,830141,915792,1059309,1125317,1204810,1277974,1377113,1596356,1812020,1323817,1803323,2132153,2385438
 "33015","Rockingham, NH",1,CAGDP2,76,"71","   Arts, entertainment, and recreation ","Thousands of dollars",118106,127540,144328,236350,364751,461451,375494,254521,227402,327618,367965,420091,457471,511011,502789,531333,563727,652318,821894,509318,623297,685661,785657
 "33015","Rockingham, NH",1,CAGDP2,79,"72","   Accommodation and food services ","Thousands of dollars",328875,354866,380180,414870,404584,457344,451014,394103,433704,470046,462176,495701,601837,614306,702021,746641,813386,944038,990126,814499,1180026,1446493,1599782
 "33015","Rockingham, NH",1,CAGDP2,82,"81","  Other services (except government and government enterprises) ","Thousands of dollars",290562,328485,311948,328823,352993,358234,348140,327902,324477,335806,336548,348805,351437,381658,406272,423169,442163,480435,527729,494405,572196,652131,713515
 "33015","Rockingham, NH",1,CAGDP2,83,"92","Government and government enterprises ","Thousands of dollars",990629,1031280,1061515,1127590,1210471,1303200,1347910,1381096,1365254,1437282,1419659,1418045,1452920,1489062,1479279,1487973,1508511,1534060,1567947,1555387,1634050,1751453,1875809
 "33015","Rockingham, NH",1,CAGDP2,87,"11,21","Natural resources and mining ","Thousands of dollars",18924,18707,30664,33379,24547,19033,27449,28898,17375,23417,33116,50677,50419,36254,40446,66522,50630,47129,38738,36629,44437,41627,50490
 "33015","Rockingham, NH",1,CAGDP2,88,"42,44-45","Trade ","Thousands of dollars",1920015,1986199,2118195,2174300,2271676,2266702,2277806,2395398,2261283,2354271,2420851,2524509,2731839,2821001,3032393,3088612,3198908,3348936,3469908,3558692,4091356,4585708,5013540
 "33015","Rockingham, NH",1,CAGDP2,89,"22,48-49","Transportation and utilities ","Thousands of dollars",749557,739687,844547,944463,930085,1032827,1011996,1007047,1135099,1194884,1215930,1224979,1240047,1253606,1357300,1388611,1379129,1406209,1358526,1497560,1730597,2006209,1843888
 "33015","Rockingham, NH",1,CAGDP2,90,"31-33,51","Manufacturing and information ","Thousands of dollars",1575311,1738297,1873238,1956330,1875226,1981091,2112538,2124650,2180473,2364214,2267459,2463284,2810546,2787767,3047842,3278858,3182372,3259088,3570466,3467064,3654897,4000120,4218456
 "33015","Rockingham, NH",1,CAGDP2,91,"...","Private goods-producing industries 2/","Thousands of dollars",1929441,2054912,2196201,2224304,2135730,2269826,2243035,2145694,2132088,2275953,2225927,2269290,2453162,2290071,2606155,2943427,2892762,2967221,3297053,3250916,3460432,3838532,4038623
 "33015","Rockingham, NH",1,CAGDP2,92,"...","Private services-providing industries 3/","Thousands of dollars",8087474,8502327,9079614,10017974,10644954,11441670,11707889,11244545,11451719,12008489,12439901,13149857,13878991,14727161,15854649,16135911,16825567,17281011,18432153,18694812,22187301,23749577,25943443
 "33017","Strafford, NH",1,CAGDP2,1,"...","All industry total ","Thousands of dollars",3406388,3380677,3505966,3703693,3842738,3887718,4087778,4401627,4482398,4679471,4797959,4972608,5048953,5339922,5634733,5811694,5889718,5993534,6306033,6169259,6698728,7205686,7708282
 "33017","Strafford, NH",1,CAGDP2,2,"..."," Private industries ","Thousands of dollars",2790411,2733185,2797257,2957004,3083406,3096670,3252154,3515689,3617986,3743607,3882025,4060490,4099657,4366778,4637347,4801763,4862598,4951680,5247628,5091328,5597076,6071018,6537040
 "33017","Strafford, NH",1,CAGDP2,3,"11","  Agriculture, forestry, fishing and hunting ","Thousands of dollars",(D),(D),(D),(D),(D),(D),(D),(D),(D),(D),(D),(D),(D),(D),6822,(D),8976,9523,(D),(D),12630,15625,12601
 "33017","Strafford, NH",1,CAGDP2,6,"21","  Mining, quarrying, and oil and gas extraction ","Thousands of dollars",1647,2062,1987,2468,2906,3647,4623,4292,3261,4273,3257,4533,3882,4342,4312,6186,4512,6556,4200,3703,(D),(D),(D)
 "33017","Strafford, NH",1,CAGDP2,10,"22","  Utilities ","Thousands of dollars",8696,8629,8685,8836,9143,9901,9873,11328,11498,10243,10825,11840,12632,12574,12882,13193,13929,17013,15869,18182,18797,20437,20561
 "33017","Strafford, NH",1,CAGDP2,11,"23","  Construction ","Thousands of dollars",149337,132451,137083,170544,168861,125611,118880,115706,138537,100694,61564,60647,(D),86353,(D),55419,(D),(D),62017,3173,110248,198053,220253
 "33017","Strafford, NH",1,CAGDP2,12,"31-33","  Manufacturing ","Thousands of dollars",509507,403935,397808,389686,381623,385607,394624,381750,370925,403027,480023,414496,443736,425654,(D),533704,(D),(D),531103,489583,518358,568035,608660
 "33017","Strafford, NH",1,CAGDP2,13,"321,327-339","   Durable goods manufacturing ","Thousands of dollars",349708,310783,323939,311572,306219,298078,315208,299426,277512,301363,364863,280611,305495,276136,326549,343287,318025,300886,342878,322163,357826,384190,407845
 "33017","Strafford, NH",1,CAGDP2,25,"311-316,322-326","   Nondurable goods manufacturing ","Thousands of dollars",159799,93152,73869,78114,75404,87529,79416,82324,93413,101665,115160,133885,138241,149519,(D),190417,(D),(D),188226,167420,160532,183845,200816
 "33017","Strafford, NH",1,CAGDP2,34,"42","  Wholesale trade ","Thousands of dollars",251113,194451,179735,170680,177736,153211,162329,169067,163915,172691,182640,189184,192866,185778,183937,187046,189240,194022,206293,222367,266723,314524,335258
 "33017","Strafford, NH",1,CAGDP2,35,"44-45","  Retail trade ","Thousands of dollars",319810,332864,352049,330533,331306,321366,297302,320900,309813,306878,295338,290052,320301,337553,365303,390168,412615,437994,458795,476166,520766,551789,599490
 "33017","Strafford, NH",1,CAGDP2,36,"48-49","  Transportation and warehousing ","Thousands of dollars",(D),(D),(D),(D),(D),(D),(D),(D),(D),(D),(D),(D),(D),(D),(D),(D),(D),(D),(D),(D),(D),(D),(D)
 "33017","Strafford, NH",1,CAGDP2,45,"51","  Information ","Thousands of dollars",123428,112462,97391,123365,139805,145791,129309,140150,148211,140696,165593,186352,221522,208055,229474,233873,221898,195441,218013,207697,212630,236145,257664
 "33017","Strafford, NH",1,CAGDP2,50,"52,53","  Finance, insurance, real estate, rental, and leasing ","Thousands of dollars",667170,723673,781362,850531,890002,911168,998956,1185970,1293156,1390123,1427198,1620036,1511071,1731609,1819913,1842445,1513964,1506282,1700857,1689993,1705701,(D),(D)
 "33017","Strafford, NH",1,CAGDP2,51,"52","   Finance and insurance ","Thousands of dollars",198077,189750,199749,223132,219079,290136,343909,443671,523381,598893,689547,831715,702559,890216,940058,939990,637563,684055,775973,674673,569643,566910,523705
 "33017","Strafford, NH",1,CAGDP2,56,"53","   Real estate and rental and leasing ","Thousands of dollars",469093,533924,581612,627399,670923,621032,655048,742299,769775,791230,737651,788320,808512,841393,879855,902454,876402,822227,924884,1015320,1136058,(D),(D)
 "33017","Strafford, NH",1,CAGDP2,59,"54,55,56","  Professional and business services ","Thousands of dollars",241860,250137,257197,278577,303728,320476,367051,389504,350641,372194,381652,384150,387233,428373,459004,452475,752792,768995,804896,810091,930113,993885,1132772
 "33017","Strafford, NH",1,CAGDP2,60,"54","   Professional, scientific, and technical services ","Thousands of dollars",141096,151542,155295,167115,171871,180789,200872,211430,181299,188321,200329,208693,205791,231501,240425,249533,545833,552791,582596,589726,638994,698503,639866
 "33017","Strafford, NH",1,CAGDP2,64,"55","   Management of companies and enterprises ","Thousands of dollars",32056,31510,25382,26906,29419,24777,21354,20699,19629,23149,20288,18293,19574,18230,18888,19420,21403,19587,17458,13562,47589,26594,27295
 "33017","Strafford, NH",1,CAGDP2,65,"56","   Administrative and support and waste management and remediation services ","Thousands of dollars",68708,67084,76521,84557,102439,114911,144826,157375,149713,160724,161036,157163,161867,178641,199691,183522,185555,196617,204841,206803,243531,268788,465611
 "33017","Strafford, NH",1,CAGDP2,68,"61,62","  Educational services, health care, and social assistance ","Thousands of dollars",266200,293780,317804,350553,373088,413328,451880,489532,524539,533593,549443,552997,569252,573354,607720,637850,677679,701291,742112,726988,762585,806934,844116
 "33017","Strafford, NH",1,CAGDP2,69,"61","   Educational services ","Thousands of dollars",18531,21400,25840,31412,38570,47915,50267,55225,58177,59720,58771,59767,59497,63711,65533,67488,71482,68123,71068,65842,65551,65077,57683
 "33017","Strafford, NH",1,CAGDP2,70,"62","   Health care and social assistance ","Thousands of dollars",247669,272380,291965,319141,334518,365413,401613,434308,466362,473873,490671,493230,509755,509644,542187,570361,606197,633167,671043,661146,697033,741857,786433
 "33017","Strafford, NH",1,CAGDP2,75,"71,72","  Arts, entertainment, recreation, accommodation, and food services ","Thousands of dollars",97920,108332,110975,112755,126744,121350,132919,124272,122699,119784,127975,141552,153705,153181,168730,195798,222073,251458,251812,200707,256531,318640,366836
 "33017","Strafford, NH",1,CAGDP2,76,"71","   Arts, entertainment, and recreation ","Thousands of dollars",24095,26014,25576,25523,26424,35971,45418,35379,29350,27070,32792,36594,36981,31705,29723,40855,47539,60763,61853,41516,54423,69235,82764
 "33017","Strafford, NH",1,CAGDP2,79,"72","   Accommodation and food services ","Thousands of dollars",73826,82318,85399,87231,100320,85378,87501,88893,93350,92715,95183,104958,116724,121476,139007,154943,174534,190695,189959,159191,202108,249405,284072
 "33017","Strafford, NH",1,CAGDP2,82,"81","  Other services (except government and government enterprises) ","Thousands of dollars",108256,118224,114678,118757,121838,127564,128350,127923,125006,129950,129124,129374,133314,144506,153525,160954,165475,167445,168806,155055,183142,211865,229852
 "33017","Strafford, NH",1,CAGDP2,83,"92","Government and government enterprises ","Thousands of dollars",615978,647492,708709,746689,759332,791047,835624,885937,864412,935864,915935,912118,949296,973144,997386,1009931,1027120,1041854,1058405,1077931,1101652,1134668,1171242
 "33017","Strafford, NH",1,CAGDP2,87,"11,21","Natural resources and mining ","Thousands of dollars",(D),(D),(D),(D),(D),(D),(D),(D),(D),(D),(D),(D),(D),(D),11134,(D),13489,16079,(D),(D),(D),(D),(D)
 "33017","Strafford, NH",1,CAGDP2,88,"42,44-45","Trade ","Thousands of dollars",570924,527315,531784,501213,509042,474577,459631,489967,473728,479569,477978,479236,513167,523331,549240,577214,601855,632016,665087,698534,787490,866312,934748
 "33017","Strafford, NH",1,CAGDP2,89,"22,48-49","Transportation and utilities ","Thousands of dollars",(D),(D),(D),(D),(D),(D),(D),(D),(D),(D),(D),(D),(D),(D),(D),(D),(D),(D),(D),(D),(D),(D),(D)
 "33017","Strafford, NH",1,CAGDP2,90,"31-33,51","Manufacturing and information ","Thousands of dollars",632936,516397,495199,513050,521427,531397,523932,521900,519136,543723,645617,600848,665258,633709,(D),767577,(D),(D),749116,697280,730988,804179,866325
 "33017","Strafford, NH",1,CAGDP2,91,"...","Private goods-producing industries 2/","Thousands of dollars",(D),(D),(D),(D),(D),(D),(D),(D),(D),(D),(D),(D),(D),(D),(D),(D),(D),(D),(D),(D),(D),(D),(D)
 "33017","Strafford, NH",1,CAGDP2,92,"...","Private services-providing industries 3/","Thousands of dollars",(D),(D),(D),(D),(D),(D),(D),(D),(D),(D),(D),(D),(D),(D),(D),(D),(D),(D),(D),(D),(D),(D),(D)
 "33019","Sullivan, NH",1,CAGDP2,1,"...","All industry total ","Thousands of dollars",1017871,1097056,1095438,1176117,1236252,1250043,1316492,1279076,1303458,1356085,1363931,1467317,1532140,1559073,1665444,1605888,1599139,1623684,1679621,1715134,1824956,1920059,2051712
 "33019","Sullivan, NH",1,CAGDP2,2,"..."," Private industries ","Thousands of dollars",878926,949963,943815,1018901,1070241,1075793,1134213,1091442,1113156,1153872,1165396,1271841,1339826,1361204,1468844,1410197,1400447,1423738,1471263,1506499,1610827,1699165,1823282
 "33019","Sullivan, NH",1,CAGDP2,3,"11","  Agriculture, forestry, fishing and hunting ","Thousands of dollars",(D),(D),(D),(D),6142,4867,(D),(D),(D),3878,2881,2751,(D),6217,7180,11321,13483,7072,13278,9417,3929,19847,4110
 "33019","Sullivan, NH",1,CAGDP2,6,"21","  Mining, quarrying, and oil and gas extraction ","Thousands of dollars",966,2542,2722,2316,3024,3014,4837,3948,3275,3130,2349,3460,2698,3133,3076,5344,4269,8363,7661,6666,5783,7316,10975
 "33019","Sullivan, NH",1,CAGDP2,10,"22","  Utilities ","Thousands of dollars",(D),10407,9848,(D),12447,10678,(D),(D),(D),16640,17817,(D),18959,18066,22911,22616,24264,25567,18159,18283,19967,21697,21052
 "33019","Sullivan, NH",1,CAGDP2,11,"23","  Construction ","Thousands of dollars",63419,71114,73326,76788,79902,89317,76986,48574,47558,62460,80894,71584,(D),68600,77754,78952,83775,79791,87581,85983,103113,99804,105732
 "33019","Sullivan, NH",1,CAGDP2,12,"31-33","  Manufacturing ","Thousands of dollars",235850,240365,211770,220278,216775,216413,234225,245058,241258,249924,239845,295876,389183,383224,420412,398771,368282,368841,371523,389055,370140,405639,434827
 "33019","Sullivan, NH",1,CAGDP2,13,"321,327-339","   Durable goods manufacturing ","Thousands of dollars",173012,193842,180876,193049,193335,195293,215354,223743,213121,220447,212536,268011,358520,353560,385988,359592,331777,332624,334527,352104,333758,365093,393298
 "33019","Sullivan, NH",1,CAGDP2,25,"311-316,322-326","   Nondurable goods manufacturing ","Thousands of dollars",62838,46523,30895,27229,23440,21120,18871,21315,28138,29477,27309,27866,30663,29664,34423,39179,36506,36217,36996,36951,36382,40546,41528
 "33019","Sullivan, NH",1,CAGDP2,34,"42","  Wholesale trade ","Thousands of dollars",30552,30659,29920,32597,35885,39748,41409,43283,32463,32801,38438,41874,49474,48308,52981,53998,58067,68206,67171,78785,102764,73773,75140
 "33019","Sullivan, NH",1,CAGDP2,35,"44-45","  Retail trade ","Thousands of dollars",105072,109954,122181,113743,120950,119613,116009,117669,109115,105141,102585,(D),111713,117468,121758,125291,128800,135618,141795,155157,178158,170820,188350
 "33019","Sullivan, NH",1,CAGDP2,36,"48-49","  Transportation and warehousing ","Thousands of dollars",14956,15501,15746,16624,21672,22499,22070,18235,15686,15133,14257,13913,(D),16247,19537,17627,14297,17502,15948,14662,18319,19590,19607
 "33019","Sullivan, NH",1,CAGDP2,45,"51","  Information ","Thousands of dollars",15800,(D),19773,52262,55434,56192,12179,11498,9670,8188,10644,13511,16035,15918,16628,15791,15316,18199,25034,17934,19130,19016,20496
 "33019","Sullivan, NH",1,CAGDP2,50,"52,53","  Finance, insurance, real estate, rental, and leasing ","Thousands of dollars",219647,242220,254722,268501,290621,276990,365115,330996,363968,371474,369056,411678,358373,384010,413546,368041,371052,361605,378424,389854,393028,419443,438170
 "33019","Sullivan, NH",1,CAGDP2,51,"52","   Finance and insurance ","Thousands of dollars",28910,29694,29556,30910,34751,41007,42747,39922,43633,42263,44461,48698,46674,52200,52194,54469,56811,53628,55190,51450,52787,58255,61505
 "33019","Sullivan, NH",1,CAGDP2,56,"53","   Real estate and rental and leasing ","Thousands of dollars",190737,212526,225165,237591,255870,235982,322367,291075,320335,329211,324594,362980,311699,331810,361351,313572,314241,307977,323233,338404,340241,361187,376665
 "33019","Sullivan, NH",1,CAGDP2,59,"54,55,56","  Professional and business services ","Thousands of dollars",(D),(D),(D),(D),68111,73365,(D),(D),(D),107875,109766,123219,(D),120225,128005,119864,122237,125289,127144,133986,168980,194097,232515
 "33019","Sullivan, NH",1,CAGDP2,60,"54","   Professional, scientific, and technical services ","Thousands of dollars",29530,30580,33593,37983,41715,43352,44111,50525,52043,59851,59001,(D),(D),62421,65488,62031,62194,65529,69945,69179,77764,118361,139800
 "33019","Sullivan, NH",1,CAGDP2,64,"55","   Management of companies and enterprises ","Thousands of dollars",5372,5084,5091,6159,5746,5009,(D),(D),(D),8537,7813,(D),(D),1672,1583,1398,2434,2497,4230,11229,26816,9493,13291
 "33019","Sullivan, NH",1,CAGDP2,65,"56","   Administrative and support and waste management and remediation services ","Thousands of dollars",(D),(D),(D),(D),20650,25005,30420,32465,33382,39488,42952,56498,61469,56132,60934,56434,57609,57263,52969,53579,64401,66243,79425
 "33019","Sullivan, NH",1,CAGDP2,68,"61,62","  Educational services, health care, and social assistance ","Thousands of dollars",77705,81607,86588,95182,97826,99047,101428,107736,111475,111098,111136,108689,107479,108078,111573,115558,117097,122414,125936,126925,132084,141301,151651
 "33019","Sullivan, NH",1,CAGDP2,69,"61","   Educational services ","Thousands of dollars",14460,15348,17711,19807,20960,20176,21161,22485,23586,23641,23428,24352,24105,24717,24845,27056,27945,30389,33046,30551,32614,33376,36475
 "33019","Sullivan, NH",1,CAGDP2,70,"62","   Health care and social assistance ","Thousands of dollars",63245,66259,68876,75375,76866,78871,80267,85251,87889,87457,87708,84338,83374,83361,86728,88503,89152,92025,92890,96374,99470,107925,115176
 "33019","Sullivan, NH",1,CAGDP2,75,"71,72","  Arts, entertainment, recreation, accommodation, and food services ","Thousands of dollars",15805,(D),(D),21958,23495,23552,25083,26716,28115,29899,31277,33536,34774,33496,35709,40259,43537,46127,50503,42436,54614,60940,70352
 "33019","Sullivan, NH",1,CAGDP2,76,"71","   Arts, entertainment, and recreation ","Thousands of dollars",3305,(D),(D),4203,4746,4791,5174,5673,6097,6740,5264,5959,8177,7563,7051,8765,9065,9497,11127,8042,10302,10063,11344
 "33019","Sullivan, NH",1,CAGDP2,79,"72","   Accommodation and food services ","Thousands of dollars",12500,(D),14548,17755,18749,18761,19909,21043,22018,23159,26012,27577,26597,25933,28658,31494,34472,36630,39376,34395,44312,50876,59008
 "33019","Sullivan, NH",1,CAGDP2,82,"81","  Other services (except government and government enterprises) ","Thousands of dollars",32184,36785,35316,36118,37956,40497,38294,34202,34603,36233,34451,35262,35083,38214,37773,36764,35972,39145,41106,37354,40818,45883,50305
 "33019","Sullivan, NH",1,CAGDP2,83,"92","Government and government enterprises ","Thousands of dollars",138946,147093,151623,157216,166011,174250,182279,187634,190303,202213,198535,195476,192314,197870,196599,195692,198692,199946,208358,208635,214129,220894,228429
 "33019","Sullivan, NH",1,CAGDP2,87,"11,21","Natural resources and mining ","Thousands of dollars",(D),(D),(D),(D),9166,7881,(D),(D),(D),7007,5229,6211,(D),9350,10256,16665,17752,15435,20938,16083,9712,27163,15085
 "33019","Sullivan, NH",1,CAGDP2,88,"42,44-45","Trade ","Thousands of dollars",135624,140613,152101,146341,156835,159362,157419,160951,141578,137942,141023,(D),161187,165776,174740,179289,186867,203824,208966,233943,280922,244594,263490
 "33019","Sullivan, NH",1,CAGDP2,89,"22,48-49","Transportation and utilities ","Thousands of dollars",(D),25909,25594,(D),34119,33177,(D),(D),(D),31773,32074,(D),(D),34313,42449,40244,38561,43069,34107,32945,38286,41286,40659
 "33019","Sullivan, NH",1,CAGDP2,90,"31-33,51","Manufacturing and information ","Thousands of dollars",251650,(D),231543,272540,272208,272605,246404,256556,250929,258112,250490,309387,405218,399142,437040,414562,383598,387040,396558,406989,389270,424654,455323
 "33019","Sullivan, NH",1,CAGDP2,91,"...","Private goods-producing industries 2/","Thousands of dollars",(D),(D),(D),(D),305843,313612,(D),(D),(D),319391,325968,373671,470096,461174,508421,494387,469809,464067,480043,491121,482966,532606,555643
 "33019","Sullivan, NH",1,CAGDP2,92,"...","Private services-providing industries 3/","Thousands of dollars",(D),(D),(D),(D),764398,762182,(D),(D),(D),834481,839428,898170,869730,900030,960423,915809,930638,959671,991220,1015378,1127862,1166559,1267639
"Note: See the included footnote file."
"CAGDP2: Gross domestic product (GDP) by county and metropolitan area 1."
"Last updated: December 4, 2024-- new statistics for 2023; revised statistics for 2019-2022."
"U.S. Bureau of Economic Analysis"
